bmp_temp,bmp_pres,dht_temp,dht_humi,radar_activity,radar_distance,radar_density_score
34.84901424590337,97324.1423258754,33.64095191851052,54.628877962650364,1,0,88009
34.65852070964865,97332.10221993928,33.89063895331827,55.353603749393315,1,0,73890
34.89430656143021,97322.38370118501,33.90540506161333,54.88690972463863,1,0,83828
35.15690895692241,97329.65057705542,34.04178910375302,55.47800627188829,1,0,110441
34.629753987583,97305.8657799957,33.48994249101575,55.97877453393321,1,0,127335
34.62975891291525,97337.4694056106,34.0777701821542,57.555731729497076,1,0,106114
35.17376384465222,97334.28808213044,33.08868251051916,55.818261441941445,1,0,92051
34.93023041874588,97322.01367053398,33.711034634290854,53.92156143984561,1,0,133940
34.559157684219514,97344.15868502649,33.75351784726453,58.01010176974274,1,0,79614
34.862768013075794,97348.3335520644,34.08999804782137,55.04436479957744,1,0,119927
34.560974692156265,97310.15660203448,33.90678925580306,56.21191935934306,1,0,80358
34.56028107392893,97322.82912832151,33.47833108384311,56.969804760411066,1,0,101930
34.77258868146981,97322.7328647532,33.604502062254895,56.59941562760417,1,0,85593
34.12601592660266,97320.17145348337,33.95960400286422,57.94126932128221,1,0,87324
34.182524650246094,97346.71212262897,33.87627979744063,57.018504715089136,1,0,77678
34.53131374122771,97331.36260791842,33.726262767109276,55.00803563045434,1,0,129345
34.396150663899675,97330.30227738034,33.755749863146406,59.56784326098749,1,0,67012
34.794274199778584,97304.2120645339,34.108850399147784,56.59150019500735,1,0,66793
34.42759277734364,97343.80127045314,33.744692228139236,56.07898966006774,1,0,152629
34.27630888959941,97315.68112407721,33.87357262679128,57.74588813458335,1,0,118335
35.139694630676466,97335.168989454,34.550980976424164,56.67417641889511,1,0,20000
34.63226710985404,97338.43065406938,33.47289520893482,56.89884228940899,1,0,72042
34.72025846140638,97354.67987893759,33.3444471805276,60.038275997901025,1,0,34640
34.27257554413597,97314.63769401322,34.13507689943958,55.887317857617425,1,0,60479
34.53668518264245,97288.97731766269,33.69640708161177,55.8233586589739,1,0,20000
34.733276776912966,97337.0277431713,33.80452874167721,56.47486776801869,1,0,84890
34.35470192677331,97361.27766772266,33.66565308656067,57.907273903371554,1,0,54741
34.8127094055037,97352.8541952941,33.822059957769746,54.0401989547144,1,0,90797
34.51980839302436,97337.41489122913,34.3795614336289,53.351666162785236,1,0,40246
34.61249187506202,97326.89545721552,34.14063853758543,55.41932709406978,1,0,91487
34.51948801633118,97346.37683894957,34.15866705356609,53.84911556141107,1,0,76552
35.25568345535268,97319.66680700444,33.47513188326221,55.66275297871154,1,0,134058
34.695950832578625,97341.41536654034,33.554653879034134,57.053749544193934,1,0,131340
34.382686721313235,97341.8520523875,33.04827640215437,54.963876704671605,1,0,112560
34.94676347363096,97350.17314861249,33.65718575367517,54.159760134827984,1,0,79201
34.333746905008695,97375.66490058367,34.187010955915696,56.40400574257302,1,0,148561
34.76265907850143,97340.15623950769,34.05508395472451,57.59381522692275,1,0,42408
34.11209896283607,97326.6355456144,33.83354602111436,53.75753984222508,1,0,46893
34.30154418533047,97333.88638531712,33.89330991488458,57.530348597458975,1,0,86486
34.75905837076074,97307.73386142666,33.69333433722738,57.525959305607486,1,0,156621
34.92153997399863,97323.84930303367,33.96142766472053,57.73112765323494,1,0,82929
34.751410484356995,97328.1307634283,34.12976348384419,58.127720322307525,1,0,83502
34.66530551528353,97326.40867403099,33.415233963776856,59.60302088698942,1,0,45742
34.60966889132322,97336.55532308051,33.989894306351204,55.76586192707141,1,0,117377
34.25644340288977,97321.93370101428,34.1797304612864,56.46435737011679,1,0,117595
34.48404673748159,97351.08546000987,33.775469913310985,55.675342350127956,1,0,112672
34.561808368712065,97334.27310597377,34.11021018363618,56.302965267133715,1,0,70123
35.01713666786568,97334.13049518292,34.74439633334176,58.599310033454465,1,0,67798
34.80308548687054,97329.35157925231,33.86869716210393,54.282478274103994,1,0,50206
34.17108795339118,97336.59786025788,34.0179921150016,55.00842549175164,1,0,91516
34.797225190818445,97346.64647397002,33.67858287490158,58.36577140475684,1,0,56587
34.58447531587511,97321.26304676435,33.954375348780616,57.83005476035313,1,0,53677
34.49692339990821,97324.39825266387,34.038081487494686,55.75530252977438,1,0,76289
34.883502886652266,97329.71410956835,33.95845270208104,57.581603001681074,1,0,74325
35.00929985674879,97314.08193614791,33.594091404087344,56.81182376373805,1,0,72860
34.97938403573486,97321.98113210418,33.96190853139763,58.55041191350148,1,0,102993
34.44823474303321,97327.12668689684,34.33865878161529,56.41176439074015,1,0,91371
34.60723628724464,97347.3858377107,34.034590729354356,57.838448170808874,1,0,80355
34.799379029421075,97338.20841993504,34.18859615672155,60.26301786573893,1,0,94490
34.99266353813671,97337.17384867051,33.82889640899621,57.19714873257119,1,0,59254
34.55624772864642,97347.03346943253,34.124970071827114,56.37399224869226,1,0,92158
34.644302307000856,97332.20942317402,33.98378035146496,57.383670477831465,1,0,93518
34.36809950779819,97340.12697274894,33.61472678109383,55.75207871269417,1,0,43908
34.3411380127758,97332.72167370602,33.99555630143966,59.8819515582871,1,0,118870
34.94375774671826,97338.250435241,33.6024910009679,56.57010655654397,1,0,62556
35.10687200857125,97325.52862013582,33.71013591753456,55.890600019661726,1,0,91709
34.678396963525906,97297.68774262586,33.95679849218771,55.046466492469946,1,0,123932
35.00105986936761,97332.25581256721,33.989173282014036,57.945830287409656,1,0,116770
34.808490807514296,97355.61122204151,33.54323026047686,57.6007811192416,1,0,90030
34.50646407361847,97348.16323103363,34.21619573135486,55.553968442878855,1,0,78125
34.808418681652526,97348.75096226887,34.07160188349014,57.16467701768363,1,0,117425
35.161410969939794,97352.8119608271,33.68858146931673,54.037166047680714,1,0,109240
34.68925218826702,97335.59986386442,33.43872456106524,56.57745586260973,1,0,70449
35.1693930967442,97337.2297356111,33.85652862627557,56.97913452811504,1,0,65153
33.91407646877308,97325.00522156848,33.76621688584165,58.86099471433883,1,0,26829
34.94657075131257,97329.5289071596,33.933942137115906,55.143771795906964,1,0,93620
34.72611412047146,97343.50656724657,33.79106500165333,54.38247105679651,1,0,86519
34.610297794860244,97352.32826655754,33.2977629417765,54.95685805861243,1,0,123085
34.72752823296065,97332.17830586479,33.78349591850965,54.295147249527616,1,0,99771
34.10372932561973,97327.51716102724,33.8083142666795,58.304986036638475,1,0,129026
34.63409843364875,97334.27791938285,34.090098307432214,58.62295894253605,1,0,68079
34.80713377145353,97343.28810123393,33.69054009761668,56.78032486692324,1,0,123144
35.143368213422455,97312.612177758,34.40360240201177,58.13194241852772,1,0,73132
34.54451893451791,97299.82728570295,33.326507834804474,56.50093757087035,1,0,112327
34.45745191913205,97326.01194725763,34.29335024934078,56.15733252844885,1,0,45237
34.54947288692464,97315.9593136113,33.83270430873657,55.80044357141936,1,0,96054
34.97462063531062,97326.64789703529,34.157875461703064,55.83441351293365,1,0,29459
34.798625332897906,97332.05329521775,33.92394044521762,53.97829766553645,1,0,80985
34.54107193886989,97327.47127386466,34.24186666080764,56.69638214541101,1,0,102210
34.85398022993401,97356.05701301707,33.78379141063416,56.23949913467893,1,0,73370
34.729123264804414,97339.17117146903,33.57041387244666,57.41804108611681,1,0,57486
34.99059349715987,97338.77711539417,34.326151286181315,56.440285244657915,1,0,114383
34.489384071836795,97343.60310716066,33.865955806235355,56.05594444764636,1,0,85896
34.60170135602067,97317.18750323329,33.96646754208726,54.99321045498855,1,0,74312
34.582367554060355,97349.85667681131,34.270425574213434,56.40822985523264,1,0,90256
34.260945515560365,97333.13353570197,33.590413427371665,57.40735584622424,1,0,160000
34.78883608311938,97344.32720925863,34.07864726929178,54.584991513374206,1,0,123605
34.77831658165397,97318.1921415044,33.72303157306113,56.43121063052111,1,0,123877
34.70153403699274,97310.96361850976,33.86034919330669,56.64956442729422,1,0,102066
34.62962385998746,97346.53834487038,33.921683689615286,55.2229028245726,1,0,93994
34.275388777384876,97339.91614289147,33.44993344156592,55.418215542637995,1,0,20000
34.573806403170394,97320.73922668464,33.666348887153866,56.64591627314932,1,0,68630
34.597185645041975,97321.22505378089,34.30532186772394,54.59986847256106,1,0,74582
34.459316819233514,97351.15152176622,34.16585735657544,56.82488557287409,1,0,32753
34.6516142865002,97316.428821607,33.88120812680183,54.9569684395112,1,0,54277
34.821215257044365,97358.91009429884,33.97293703755387,57.894280539549825,1,0,29574
35.26585577036316,97320.76068898028,33.81172724830906,59.80674161808245,1,0,87850
34.752373343849555,97343.84587888412,34.30697501574839,55.008864797447266,1,0,113562
34.777265117216835,97329.34072286377,33.83989422666175,57.10131179356201,1,0,122203
34.67766622527015,97343.31781146624,33.969552627640454,55.20988714267697,1,0,101443
34.12436863541029,97326.1082899683,34.24380904324262,57.86143126069668,1,0,60098
34.692045837365235,97331.82810640892,33.66678855454623,54.402112386372174,1,0,31038
34.71806906298231,97334.88378763094,34.36763675534907,57.02088013764157,1,0,36293
35.438972633745585,97319.23718816329,33.44086157707699,54.99051654966597,1,0,50930
34.642291710565665,97345.3823651813,34.38889263933384,55.989523116352444,1,0,62334
34.790464202700086,97326.57179650293,33.788197324814405,54.75346208727904,1,0,84207
34.68958646908843,97330.8410012699,33.827190375652414,57.533525706343625,1,0,58575
34.34939658871414,97319.35475938088,33.33299694864512,55.04452946834061,1,0,99169
35.04284684435451,97295.83499511807,33.76356158478669,57.12794638899774,1,0,82031
34.92557990980603,97331.404583561,33.588058040691934,55.7838529576065,1,0,89316
34.93730958411292,97370.4592313242,33.71770609638796,56.1282914423017,1,0,123207
34.42718376356158,97346.03906431848,33.85880671026334,56.52163386110019,1,0,53593
35.12083829328083,97333.98109430399,34.18733748434187,55.157262992511725,1,0,101561
34.27944468116232,97330.32663756188,33.96228100542019,56.61555067031133,1,0,88580
34.87605712814008,97334.60698839219,33.992302996020335,58.59550184653161,1,0,78995
35.357136687742994,97342.47678672764,33.571344183346326,55.13285782125092,1,0,115557
34.402839102460796,97316.55780777037,33.635773773119176,58.057715214910765,1,0,115370
34.53011068111917,97350.98482542003,34.43961750550539,58.54714645023167,1,0,60605
34.72989540952629,97345.00071973163,33.679439689571026,55.07576751645793,1,0,83535
34.54895730376514,97345.04278588563,34.39686247561719,54.11741809236417,1,0,97436
34.23480097068016,97340.84713608216,33.82708164033574,56.75294135025764,1,0,80809
34.72056889244181,97334.56424986542,33.90068638084305,55.478888715849685,1,0,106550
34.38130888588217,97344.36291853951,34.22110954806898,59.1029048287445,1,0,97435
34.84207772919056,97343.14721200612,34.28156772658159,56.352211310749745,1,0,143976
34.42417272972986,97328.95938933588,33.86675623191627,55.09670088794723,1,0,43091
35.16498032150526,97325.66597340655,33.78352708394354,54.57926073348243,1,0,85326
34.46502401229913,97335.79784442893,33.883223865443334,57.93485743863624,1,0,61744
34.6033815451383,97357.50530227243,34.001387258469634,55.443224038873716,1,0,107123
34.944055165210905,97315.6833938652,34.167391106060926,56.36574319919064,1,0,40484
34.330740705069815,97312.25712101371,33.90126895769824,57.733704117668715,1,0,99389
34.768237980381244,97336.74141261855,34.08566588940695,55.573612472103754,1,0,70098
35.09214282628473,97335.03331552785,34.39150791968128,56.23110675688976,1,0,66975
34.21775502963163,97336.87012496556,34.014392883679434,56.275147385266216,1,0,45605
34.755390157559695,97337.92929796863,33.99349585680143,57.32498676727413,1,0,75047
34.77796483827453,97330.92196618048,33.444326752472975,57.18611650326549,1,0,121535
34.93454686153319,97356.61795157903,33.11078095895128,55.96982940311776,1,0,88244
34.328914786736576,97310.25644032286,34.01651271876905,56.39547359224478,1,0,107830
34.30386301607472,97321.8425446283,33.87155273061574,55.74233148271477,1,0,138939
34.85658246968507,97332.72117859777,33.74556519752558,54.08358138962083,1,0,96912
34.78909540196996,97309.6221678327,33.9730590612559,56.686401286097194,1,0,72236
34.77514785510377,97331.63218393353,33.88187888124093,59.1382876412496,1,0,103017
34.80393446284909,97359.19205248593,34.23833407519017,54.974421288963406,1,0,72671
34.49599258352646,97334.58329732444,33.925833260477695,55.14045543559594,1,0,73867
34.76967610914831,97337.73051358579,33.67592301447895,54.99390834253438,1,0,43403
34.78792174198961,97315.36752852242,34.19704987168779,57.38688766808468,1,0,116787
34.485694574592095,97325.02457887941,33.83486067751614,56.972728181294656,1,0,77419
35.25973235334343,97328.64205429514,34.05796100510169,56.062193461375315,1,0,94462
34.84214987627354,97329.50427354866,33.75677678814216,54.92297140754155,1,0,57921
34.34260895083921,97353.49465692506,33.70505193435077,56.438565187459886,1,0,102078
34.896966082590154,97342.63536591089,33.925250469055705,53.95306680899629,1,0,66141
34.407595498931805,97317.59813064594,33.9038485930631,56.51513985028624,1,0,84748
34.936125381122736,97337.96757167649,34.043948110610046,57.6072865791319,1,0,115334
35.047578673702226,97341.74332622746,33.81940627400708,54.42320129504948,1,0,112722
34.45379530449449,97351.37223557783,33.34909206486888,54.0012225847555,1,0,88339
34.9890128387733,97357.97811029853,33.770167834923484,58.66915683754229,1,0,35956
34.82383427808095,97319.0435871226,34.13814554014314,55.38236054074312,1,0,160000
34.94661804799835,97322.10713733186,33.810787176227066,58.00392176891573,1,0,141375
35.269037894796185,97315.40633211628,33.826084979245636,56.06900350220325,1,0,110680
34.62638356519914,97330.7597021134,34.19591295177178,56.057067774588006,1,0,66403
34.47387915069275,97341.2653756167,33.686408031822324,56.95761904924497,1,0,85592
34.43314567111235,97349.08001774884,33.43715903452713,54.97400171488034,1,0,72697
34.45525691451037,97333.13073464537,33.85181066414235,56.498745715243466,1,0,126915
34.67686948717577,97329.47228715118,33.754747814625375,55.72776587776386,1,0,96875
34.80234559244499,97336.54636988374,33.61012610407402,54.31925983489245,1,0,65475
34.783007239799005,97321.74285647555,33.84738646323039,56.8062231120896,1,0,74877
34.94815497471081,97365.61308082542,34.047451694174036,55.90503828968312,1,0,122635
34.70390056756337,97310.15508459324,33.89721343152966,56.06446275733293,1,0,137002
35.1360602231472,97337.04110868344,33.99209432180587,54.48475858487876,1,0,134849
34.62060295002862,97364.62409328845,34.444022309554626,58.68710055164421,1,0,111710
35.51605074997689,97334.37199766841,33.79713634153273,57.61507127957917,1,0,81421
34.887700204329505,97331.41941447498,33.9835045903934,57.74623382625796,1,0,20000
34.44285273307512,97328.90831865785,33.74723599122026,55.841832946337476,1,0,97914
34.37873225058167,97331.56412477356,33.64609208403391,53.70622566574487,1,0,88945
34.844741724572955,97354.86272712015,33.724527703974665,59.229376073734265,1,0,93199
34.632961164402246,97301.09207133006,33.75637242854349,56.208353737991196,1,0,90616
34.91420014822763,97357.27150551944,34.007842739264134,55.17680030596992,1,0,49212
34.84197128737207,97312.91064271325,34.604722736010224,56.925202361724665,1,0,105722
34.67815132620294,97330.2702150615,33.68518696911725,58.05068118200494,1,0,107966
34.44596188457948,97327.83133369552,33.77501240831536,56.2654241658718,1,0,109470
34.245545832594246,97343.09829904657,33.881063096066626,58.21786275190906,1,0,117397
34.566045514379894,97310.29813472174,34.01873965461292,57.9244999077753,1,0,107121
34.956919638297045,97341.20258999123,33.97906524358643,54.68542821889691,1,0,76699
34.764228123239064,97364.63464434931,34.285228738184436,55.28931484151078,1,0,86874
34.326278366386404,97313.82238993111,33.172082378839434,57.73630574491965,1,0,91733
34.75195427775536,97337.11559251416,33.1839210389413,52.23108115428434,1,0,92230
34.815595213918655,97324.34026733306,33.75123654839695,56.07581646025251,1,0,118946
34.434842769139664,97340.6583080929,34.229190056263114,54.15375319756299,1,0,108310
34.74611753178366,97334.55721666124,33.43030559051832,55.58516929784971,1,0,151320
34.717462615533805,97324.64769636434,32.997710298091874,55.85176986645619,1,0,155194
34.357108910650815,97341.58808427307,34.07135382186576,55.76263343313874,1,0,91389
34.80733620810449,97361.3352216468,33.973097167110815,55.47160812183108,1,0,20000
34.86823535791047,97331.4064431241,33.57293747796017,54.654284525556776,1,0,126104
35.024915372952584,97345.06636913223,33.60433811978372,59.73786690022803,1,0,72788
35.016140615610475,97314.87090563193,33.6090768841096,59.10119300624202,1,0,64955
34.286699189612875,97319.92345434774,33.93316059524218,54.55690126961557,1,0,77046
34.418652488025465,97341.35609416821,33.7121054171451,58.67317512695535,1,0,75600
34.854510580162604,97356.53174042805,34.04821917569265,55.700801764290716,1,0,107368
34.85413578527366,97339.60420023178,33.04361200112868,56.493781209997564,1,0,42216
34.85451430589182,97329.57412954216,33.64294444046166,56.20508906015462,1,0,56668
35.85581944719642,97334.25937108135,33.56218381172668,55.31037703811905,1,0,99294
34.87126715320795,97315.51388399045,33.82309779648825,57.775778515409215,1,0,107688
35.04066969205418,97343.33772989533,33.738585672452956,56.48882979586499,1,0,108246
34.98620052904796,97347.50499593485,34.139353133968726,55.58517286517114,1,0,65388
34.895417375391744,97327.48864500751,33.34219896850198,54.34311583429929,1,0,59652
34.6054192266079,97327.21936778362,33.913647442899226,54.959607479421315,1,0,73800
34.92769076614798,97338.25817344479,34.06750092696351,53.83792982659685,1,0,96196
34.46815243563873,97327.7192039594,34.45699423096858,56.31833532262275,1,0,133564
34.628954417978,97333.27801078062,33.75547020867196,54.505001611573405,1,0,27576
34.55439093565127,97365.76582683751,33.99733758130576,55.90165923122218,1,0,82378
34.7245622418159,97330.56461448882,33.358841162231286,58.35515278041555,1,0,49019
35.394397570002056,97328.89489771969,33.18241313870609,58.098949359382374,1,0,39432
34.13982044222248,97324.55687291548,34.15343231273451,56.25158465884607,1,0,118008
34.90587805711235,97345.4328795725,33.89833191190558,56.16937291078527,1,0,105338
34.21618523864311,97331.55163740173,34.25355380693953,59.11981182413151,1,0,102483
34.55842044026317,97324.52940442518,33.487979133309075,57.081134180538065,1,0,116630
35.026685179090215,97354.0895604841,34.05597064185862,55.808290310185214,1,0,74608
34.71928400572864,97355.5640450677,34.460645352163155,54.160972824319316,1,0,76020
34.376676566621214,97325.26364651392,34.02591168250718,56.89080982724711,1,0,154571
34.485408887222015,97306.2719007296,33.982974451677315,57.54398565887429,1,0,81602
34.9038793246804,97349.38270534755,33.9025668242473,55.35252271322953,1,0,111053
34.48089001048486,97324.00055261361,33.42873556286222,56.73680413270704,1,0,89191
34.764937576874594,97346.12938398744,34.306671880713104,55.754640057627455,1,0,33552
34.713671551971146,97304.71844273433,33.716742708058476,56.023951401201494,1,0,27661
34.50451989571826,97347.65896007449,34.051344976914905,52.5682669136565,1,0,71630
35.3431832267976,97316.10242106079,33.43108970802862,55.96732789442579,1,0,120683
34.89017570669541,97345.231461786,33.54616210064766,57.75405395361208,1,0,112648
34.09245722400272,97334.48409601755,34.33052621976667,55.35289616665016,1,0,116422
34.75593629443083,97319.96090870905,33.795809313312645,56.37878955232297,1,0,59388
34.50146406056949,97328.1644553061,34.33598264281276,55.16607393996212,1,0,137476
34.95573000043887,97344.56477685436,33.876530802282446,56.84066251443916,1,0,60053
34.462243778470196,97335.85841679673,33.347430668112644,55.97521520369574,1,0,95384
34.66557906755993,97343.03619470709,34.16762027991952,54.89113768897699,1,0,88689
34.85149618369414,97363.91660876773,33.72303230467332,58.29882720149769,1,0,83783
34.95972655825104,97310.80637582434,34.10960664405511,57.69339802029832,1,0,129157
34.33991107788327,97358.52818862454,33.90756326026202,55.392639854107735,1,0,67846
34.59964962924772,97335.83533906285,33.43706453161714,57.04668246412666,1,0,48511
34.557516406651715,97320.78823927516,33.94928842961117,57.10611800423057,1,0,89599
34.50400123022789,97314.31529561392,34.558866942645835,57.26345185251676,1,0,77005
35.229636272084335,97331.43319413834,34.04789593755434,53.75861615600738,1,0,160000
34.821494513288286,97348.09475167887,33.88274467409836,57.80990981154894,1,0,109295
34.32173481369949,97332.35676319434,34.222603020587066,55.4454515556114,1,0,76719
34.975358584116435,97356.93732395371,33.96320053956093,55.7632580998381,1,0,57316
35.336646859103794,97312.50236464923,33.96286026907884,60.256822628390296,1,0,32591
35.009739578165345,97334.08866578231,33.57251244835227,56.75281007108151,1,0,58243
34.2441890102138,97315.4840983338,33.97015440773688,55.72051628682923,1,0,92448
34.55472977814013,97339.72447823938,34.21063302492508,52.99205844086614,1,0,131819
35.08007334475599,97347.57331085147,33.64918135436999,58.38464620091953,1,0,122650
34.48769916031437,97327.95857309479,34.327348746374085,54.2821854937871,1,0,95872
34.83314582844387,97295.2067921506,33.872488192756464,54.79484164475074,1,0,79304
34.93239021602881,97337.25422220195,33.63366914653844,55.80297155136822,1,0,97064
34.421920858526576,97340.821078276,34.19928962307607,58.42461768755044,1,0,73440
34.682142393181465,97340.33442132443,33.81396172927852,57.45985997999863,1,0,140550
33.72761979797928,97352.80673287733,34.12785446624583,56.06324373523961,1,0,83324
34.392683707599716,97318.20419480526,33.812472410322435,56.76243809545823,1,0,86409
34.62422955458206,97344.47324158176,33.88205215694103,55.39942146069334,1,0,22525
34.325665045410545,97352.15761268718,34.048068061300285,56.50948053434802,1,0,83136
35.18972339117949,97307.59118623991,33.987269117277,56.4100051171672,1,0,114094
34.270957586611814,97339.06477738879,33.30134046586448,57.753154843522026,1,0,56968
34.56798665399091,97326.7073025349,33.56362687797168,57.750767183658425,1,0,66478
34.73922217318583,97333.04715990348,34.178822995437244,57.04096607330847,1,0,112781
35.132381986719835,97339.48514725309,33.860359023329536,55.756478663680845,1,0,44700
34.26924135464617,97326.9615715383,33.74288060916857,57.41273344158519,1,0,120734
35.04894912564649,97324.13437881258,33.492427795422756,56.16204730069543,1,0,73035
34.70306991830588,97334.78228626233,33.576079103617246,54.6771284469303,1,0,77342
34.40554740468562,97317.96131091706,33.29346040801141,55.695068312133586,1,0,55283
34.83863104227898,97317.98262306672,33.86961578438954,56.42679047567648,1,0,100341
34.759717908672044,97344.46059924435,33.72046872582568,57.66532367549711,1,0,160000
34.519934936852366,97317.03808947263,33.610023632704404,56.02470774176427,1,0,112444
34.72094062549701,97344.26468751364,33.87956297244961,54.486201933140585,1,0,63071
34.58440592094148,97341.20886939281,34.00919118925582,56.38511252494523,1,0,123068
34.73405520357538,97308.38289906815,34.52795937966298,56.470184060084826,1,0,79499
34.898639202356314,97324.10653021497,33.44643497413104,56.57875644335412,1,0,130234
35.17580504484361,97352.18164104571,34.24781431299016,57.679807273931644,1,0,113200
34.32865535035195,97319.5525170329,34.19193046830452,57.82838486013485,1,0,20000
35.339910012396885,97327.30393606536,33.666272178186986,55.4086836914275,1,0,58877
34.11437366014325,97341.20091339879,33.96097078637581,55.37578481292658,1,0,117331
34.65446447148933,97346.02085763925,33.762710025198714,54.739701933566785,1,0,93549
34.87649516194538,97330.49691670934,33.95570657412562,57.34822350542071,1,0,58287
34.78429756032051,97325.30734707962,34.35273930402136,58.47323016250657,1,0,69992
34.51319014405382,97355.60554792549,34.08168186978939,55.82737710813661,1,0,31812
34.63756332489282,97360.35349495697,34.05258251197003,55.93785415291251,1,0,86348
34.55209971960235,97348.95287076173,33.770907204013604,58.50017383534846,1,0,155320
34.52319057291674,97335.54977213847,33.454783000522696,57.05833677982251,1,0,113148
34.95488062910631,97322.14601417539,33.837459536837876,56.95435355720158,1,0,154712
34.807104645789515,97321.81333390165,34.26198244645917,54.513625241039406,1,0,115471
34.49212712142181,97342.107711579,33.441849643023104,57.31809210391913,1,0,119824
34.969879962629975,97340.54597331333,33.58347318954699,54.90629548923536,1,0,148222
34.792189856262986,97355.2939788942,33.93788032087022,54.59896972109756,1,0,100317
34.943858635651694,97344.02675138804,33.60460356454582,55.77984263484993,1,0,83383
34.88888865257709,97311.7237954736,33.66224296586544,55.42131091482696,1,0,119979
34.45130149672338,97350.04921426585,33.772920425481544,55.96760045842244,1,0,132615
34.53194568794091,97319.29909059028,33.490314778742956,54.13852754821262,1,0,74601
34.92418808153698,97328.51043092072,33.60776344613509,57.738224459701506,1,0,67352
34.88311107963004,97338.02300309378,34.11102837503619,57.99152944177464,1,0,93165
34.69372952181076,97364.20501234676,33.50778906533071,53.378986288788774,1,0,113944
34.735198214992636,97380.91877834008,33.42063835965155,57.767686708499824,1,0,112942
35.08329946873653,97343.37084588705,33.71099250613983,55.084207055267555,1,0,46274
34.522528583349256,97331.5220507192,34.11958665075295,57.58546330547418,1,0,146348
34.86412921435102,97342.28758472721,33.84092345760093,56.197330261000374,1,0,69765
34.63934220426984,97347.58483138811,33.76062567656531,56.34316334612149,1,0,81048
34.63469563903184,97329.45998561665,33.91330763925468,56.02235352586817,1,0,61920
35.02963305559616,97361.19817033868,33.376287770142106,58.11819380635023,1,0,160000
34.94762490469641,97337.72106138787,34.04841169613251,54.440617981212455,1,0,96262
34.944052890800194,97341.73614633638,34.015030509421095,57.21176050810251,1,0,63470
35.0916436421463,97344.25886378082,33.77720745777128,57.951995247334324,1,0,114917
34.70630115248983,97340.59379915922,34.20177735353892,57.37451012081061,1,0,112074
34.90458589138849,97346.85410750705,33.56175117031409,59.78704837148512,1,0,83368
34.60691997302197,97325.0112022018,34.23837269797607,55.506579855912946,1,0,114218
34.79724990574653,97325.89547369082,33.94634809967857,57.735957233890296,1,0,64241
34.660957083689695,97317.76768650542,33.79903422303655,56.140864046987865,1,0,74212
34.72909878949782,97340.86251845931,33.8940379093895,58.150109114529,1,0,28693
34.87854710763108,97345.95404755269,33.86782057025672,56.28846650641794,1,0,49281
34.45453379502996,97341.13659299228,34.26608486892531,55.71818632720629,1,0,143228
35.32771618270564,97359.38738650022,33.576996261758694,58.25910830580744,1,0,138242
34.39819478555009,97334.18605971757,33.67124422825602,55.5626570914716,1,0,90973
34.33574341616368,97344.30112483389,34.21089086762174,54.180911361649166,1,0,138887
35.04743326205002,97317.89448685791,33.72133951944484,55.52472967523926,1,0,84197
34.937498808188884,97328.46350446288,34.17015992319948,57.228549419882796,1,0,81697
34.88723594511565,97344.7030663635,34.40983079490261,58.38805812738063,1,0,90695
34.888503652779285,97347.00653166116,33.77946149191751,56.46669406294477,1,0,85252
34.69632596814593,97329.86049578505,34.10440869797259,58.27729560085103,1,0,82544
34.430823688554256,97333.19601122213,33.55389231559804,54.26273761778361,1,0,123301
34.72274136745812,97311.5018937998,34.12641998942034,55.63510480277314,1,0,93504
34.49685148654637,97328.9145619879,33.95982719579603,55.867137324268846,1,0,110374
34.992535920025325,97347.6257474528,34.04191148464806,56.12816085879122,1,0,119941
34.65588278554936,97342.8980752416,33.70632837838938,56.426141582375294,1,0,100645
34.45235084096225,97341.77998582073,33.40167497532985,57.336366436088284,1,0,59891
34.6035842475041,97335.01660530771,34.05097561942485,55.632789742744265,1,0,48414
34.82387943628269,97334.37594737942,33.280979054256164,56.508543030429685,1,0,93463
34.53088263415881,97324.3651829079,33.80479485232724,56.23231566451392,1,0,83862
34.453333881330074,97344.75242630304,34.18235455992599,54.91116514416327,1,0,91621
34.77310616344758,97340.58459416585,33.95756932076191,56.12949996637784,1,0,88518
34.77348997133262,97341.6502827199,34.484502793436945,56.08451070515432,1,0,160000
34.547917047388665,97326.37947736,34.20753274577453,56.052379152495426,1,0,49093
34.5586885083145,97301.96985620193,33.70383048350232,56.34763918487217,1,0,29301
34.76961498120729,97350.72729067631,33.90819401395543,56.413510310920074,1,0,98971
34.265574697550804,97327.08743815988,33.88578878923667,55.651557231339005,1,0,77707
34.277760867687036,97321.32836353936,33.42534697099616,58.209072100956895,1,0,98482
34.484466733624274,97344.67218367872,33.61788032505469,54.54577905619547,1,0,106516
34.63596585448645,97328.38981040122,33.73177172790604,55.218544837295156,1,0,127523
34.793272269679406,97350.1690457607,33.28913384914322,60.46994543633533,1,0,43783
35.14260686508487,97343.52508924366,33.91424804047549,54.74301296751615,1,0,72298
34.95729788696061,97344.52353984801,33.82527844660409,54.26936798793536,1,0,101862
34.65201844101097,97313.780664332,33.39813182960653,57.40171511750182,1,0,112113
34.6942951376292,97352.4491597808,34.0212638595832,53.184320219339185,1,0,154803
34.39924119060866,97338.18875796851,34.114761823407285,55.94708913504134,1,0,117671
34.694446059202285,97328.73084291132,33.96811034365947,59.51873738761473,1,0,87296
34.613402408323964,97336.42082701014,33.80277954743731,53.9825961167699,1,0,62286
34.79681556810143,97307.62647150653,34.077432645525555,53.327053271391925,1,0,72071
34.4518307169343,97340.39979217222,34.10406610814301,54.05122819706345,1,0,71218
34.85580395427235,97318.82942737728,33.9922210709159,57.647539352520475,1,0,108657
35.15982167390078,97313.97994571234,33.65261632486957,57.987165079978716,1,0,96709
34.66737195546295,97311.43461220674,33.98298022965335,55.53111680453223,1,0,49290
34.82051351662969,97350.96032562485,34.25864419524764,57.3248186060016,1,0,75922
34.90704319751334,97324.83104909462,33.72101128241648,58.38538299126798,1,0,115326
34.57963385843425,97357.27591564874,34.52938180173973,58.981019621644734,1,0,99549
34.76722774454313,97326.23297805422,33.74231071980439,55.930497078230225,1,0,106059
34.70377772023454,97308.65963063612,33.90972210400204,52.847792423495015,1,0,100487
34.72930282956465,97317.52213340078,33.6982543211981,55.06868161638547,1,0,137792
34.46809706484336,97352.8071743001,33.96698125077608,55.65979370759711,1,0,96081
34.70735305227769,97331.93152733095,33.37733349220942,55.91159180513241,1,0,77419
34.84939948737364,97326.04569055265,33.736187460354984,56.01821089848692,1,0,61527
35.135343082338515,97336.67027338779,33.57236363989543,57.978341896896,1,0,96488
34.987781247825566,97341.79674104252,33.940601504367685,58.21164264003137,1,0,20000
35.34595473725347,97351.03098223855,34.19833421265267,56.04248951911282,1,0,83471
34.46979573113359,97355.9974884484,34.09380185613436,57.947727314077724,1,0,82824
34.96169619101621,97328.87347031316,33.18850219174233,56.83649204994663,1,0,48065
34.75500260172151,97314.37928470878,34.512620895878364,56.396758959293855,1,0,61152
35.35694087996531,97328.06802258316,33.988583982186256,57.65981623566494,1,0,113289
34.457510514393455,97338.17420759874,33.6670502578521,56.40837807235687,1,0,95921
34.44808344734577,97319.81361610684,33.94713837569728,59.38671676564664,1,0,92053
34.5201822063668,97319.91273627657,33.952856946750806,54.142383249808155,1,0,98190
34.06283128270706,97339.42681822325,33.69994538491453,55.52724365136197,1,0,91778
34.54227349349578,97333.54021472645,33.95937500020262,56.110221654569074,1,0,126285
34.47226020153389,97334.76195493118,33.71775831371391,56.95917903568699,1,0,92702
34.74511813594287,97322.8925699795,33.77869140219299,58.20194073065463,1,0,45253
34.802526792733154,97330.81398928692,33.69411625927347,56.26340214914576,1,0,137903
35.26285125176477,97320.40650283598,33.470198613078104,54.16665552574069,1,0,100110
34.98512715145582,97347.62297616688,33.943750941064614,57.5637708446825,1,0,71322
34.52692890330128,97349.79874002087,34.0755898309549,57.43243814921294,1,0,51397
34.43047559859549,97306.57718206644,34.05446507882291,53.38721201093089,1,0,100877
34.847575751451956,97320.32733709711,34.14597757579057,56.2942937994938,1,0,85484
34.303930037893814,97311.82206117365,33.99730206300446,53.91478725397955,1,0,136224
35.24943762975631,97324.5196409839,33.74018235053493,55.3030233537469,1,0,78622
35.05383203621639,97333.01843045314,34.15189915932935,54.945786609555796,1,0,63878
34.55924730436859,97312.52532170452,33.49274473804742,57.513897047362974,1,0,115873
34.18605964127274,97320.44210280312,33.629798585246256,56.47524526125827,1,0,116758
35.10616171224963,97319.21063941879,33.61073997857302,54.371613498865955,1,0,94059
34.66563804642422,97337.37900994098,34.22401681774179,57.62009894443601,1,0,109290
35.07134489359204,97335.31016505555,34.18283655424202,54.149291264107376,1,0,87869
34.22167170236169,97323.44393669994,34.046191571113496,56.79517068570641,1,0,96015
34.52018749311387,97336.92231308209,34.22157895956354,55.07898399606266,1,0,123949
34.70157310991546,97326.0697987312,33.636215165276404,55.75148437620422,1,0,107759
34.71409417812943,97330.19517334511,34.004578535958295,57.056406122057574,1,0,83921
34.56498035855623,97359.37178135448,33.86244767148505,57.08217409858929,1,0,129570
34.88685497970425,97354.37691577685,34.154064631165475,58.305453610333934,1,0,20000
34.379713871185224,97314.77628144609,33.86543273023434,56.176619450492815,1,0,150562
34.65728615449361,97346.71598626819,33.784517133476974,56.75967629444501,1,0,37821
34.73608868951357,97346.44094831738,34.0622725555683,55.64339401639351,1,0,70187
34.85433165021763,97317.04605066871,34.16285075015737,56.57298482393419,1,0,87772
34.91348446342667,97346.55166465633,33.69949644154596,56.95922907201277,1,0,84605
34.36260737244864,97357.3389787762,33.88167729859428,56.15253522881844,1,0,119192
34.23976574877932,97317.43182790634,33.582467809907506,53.594374273861256,1,0,57264
35.083303046569554,97320.50745768478,33.15058169475212,56.79720634449634,1,0,96823
34.79969420359388,97349.53492200265,33.96013788942412,56.84684221603318,1,0,71653
34.47545403903304,97338.34242966239,34.08267160687639,55.27973978547807,1,0,97854
35.16534559265676,97342.5421441286,33.978620042726014,54.37341944589122,1,0,87056
34.73470239028786,97339.378838246,33.315131484673685,58.51381872575595,1,0,91788
35.05378915521915,97340.13043881393,33.79474517097706,57.0371682663416,1,0,72502
34.72025554442303,97314.37291807534,33.234495671984675,55.95637845361743,1,0,73698
35.3182243774646,97349.97976559933,34.31091033229625,54.594450675278765,1,0,97618
35.22660225273297,97351.81384988641,33.574183625364576,55.067277757367975,1,0,117311
34.62531075545628,97330.82913883898,34.27662108283797,58.25388559517934,1,0,71051
34.99147128528631,97333.6178457528,34.183760893105244,56.50649291130207,1,0,62936
34.89361278487555,97311.30338746167,33.62982289423918,55.47411939949894,1,0,107403
35.11058946725971,97341.98382134027,33.56016451461967,57.06453384683698,1,0,88024
34.41052296182597,97342.85086162572,34.0051110649159,55.07840271883051,1,0,113914
34.905815437999536,97333.33713474502,33.646702788845076,58.551264545420565,1,0,61826
35.01752734605488,97351.13530039806,33.93074539264746,58.329200802345085,1,0,35616
34.172378154073066,97329.25884153531,33.75515172275792,55.60013889319583,1,0,73009
34.34502244620027,97342.73908888841,33.36565247566031,55.35699462945371,1,0,66009
34.08823034667197,97318.97503491963,33.23085959426266,52.372800201961574,1,0,86636
34.619177949666636,97333.9167177369,33.968005274548375,54.077628842672944,1,0,69894
34.91526267673879,97331.65468613146,33.73153267610081,54.29079533756336,1,0,111230
35.15070711562881,97337.64961883062,33.73407305492576,56.50278551148108,1,0,80355
34.72222843412594,97328.72709606751,34.10875915172814,55.81064944333796,1,0,93514
35.18858466367139,97332.29791106493,34.25203268298973,54.281996768877136,1,0,93729
34.285969562535534,97346.66070757163,33.81823658359146,55.87825393630316,1,0,94848
34.188985268193456,97327.71853644143,33.79782038792704,57.05800572147102,1,0,88276
34.68333569033102,97310.17134348892,34.05004290993416,57.091759024873376,1,0,104318
34.815219634681796,97360.51375856309,33.49291932909013,53.45049457871168,1,0,65130
34.690191575571774,97354.99181118036,33.96694591642431,56.107604779274254,1,0,130982
34.07976736998804,97314.88605957341,34.065565791546646,54.22498883454258,1,0,81903
34.67326398814617,97344.61561707869,34.10406906252529,57.65259304571041,1,0,49653
34.308659149848545,97326.72537844174,33.31897418924926,57.476219624530245,1,0,94642
34.900901764649014,97338.22230822998,33.67159341905732,54.95295916051331,1,0,63464
34.80997947382906,97338.68336193521,33.636521024152955,55.150932196399395,1,0,108960
34.4180360641018,97330.75388299525,33.929966086322764,55.608099424252536,1,0,155288
34.545839924799,97322.51351501621,34.04422337393039,52.92080990790299,1,0,65402
34.382235943433315,97323.91188421525,34.34901312223379,56.80395226016086,1,0,98971
34.68119627081805,97320.52712126779,33.75151035588958,55.8907331804898,1,0,36334
34.98654269615037,97321.79266687654,33.75072825050724,57.755262623851785,1,0,102617
34.40428218609934,97333.26232564927,34.24490160566362,54.652386173056165,1,0,62428
34.85121395465536,97323.53360016334,33.98897308155909,55.3713155776251,1,0,70254
34.54092271448827,97344.50078098569,34.28029545335639,54.040212112941326,1,0,55961
34.4621381503213,97356.57869233005,33.98661840090295,54.79356415475862,1,0,110964
34.66789089201364,97325.56920137945,33.552865014386015,54.52702700589767,1,0,119219
34.38942730327419,97337.86106750804,33.500061493566655,57.793960518269664,1,0,89701
34.53390520839585,97341.76527665455,33.43454632528232,55.25260722687291,1,0,63067
34.34063663222335,97341.3500340638,34.09861555042754,56.48626352711692,1,0,136685
35.28941753987492,97335.40932901874,34.2565790469261,55.72885489420729,1,0,66487
34.710579065591524,97345.4102362754,34.45480864241591,54.39580210098078,1,0,24139
34.490082347602225,97341.5037342902,34.15293159969697,56.04754936524253,1,0,102751
34.76419397322027,97315.7050636651,34.248851573260495,57.19865499779539,1,0,55856
34.666301585092754,97347.30734096584,33.725995100203896,54.48836091118497,1,0,118658
34.63370912014003,97347.579362559,33.55307525497684,57.51366918609707,1,0,77565
34.884250010013034,97322.82070843733,34.155023799725264,55.02541861778345,1,0,107111
34.92725231301419,97334.83906753172,34.02530422567182,55.57552411089073,1,0,131045
34.54084965571685,97344.51993489217,33.932233312302266,57.09602468451507,1,0,52734
34.5272545278066,97331.13029270631,34.01621144418989,55.304845764170764,1,0,72021
34.61748449085451,97350.36467071649,33.99695564473746,56.3563622890038,1,0,86729
34.00942365057933,97369.7280874193,34.285145057956065,55.82796375681786,1,0,135126
34.245442681340435,97322.48020951048,34.288495675445084,56.494052010055725,1,0,69248
35.11006228023336,97313.5543309527,34.063266105702105,52.72889134171475,1,0,71164
35.193490314050386,97338.82727893408,34.153740861768874,53.555477277187876,1,0,103344
34.62528918813309,97345.0934375769,34.054218765727434,57.22395050907026,1,0,71683
34.87296708891673,97330.80700439234,33.76164908038961,57.85577210847357,1,0,93575
34.79337504636306,97356.06890994983,34.12696940247394,54.93426994470271,1,0,42453
35.62366424253658,97314.19091300416,33.48165147934222,55.9339574717433,1,0,155429
35.03587247343037,97344.66377934547,34.21616746568876,56.74207887935345,1,0,48568
34.66162472255577,97325.18208768862,33.54164311807019,57.33982640248805,1,0,79347
34.41333786781988,97360.06066859311,33.985740986038415,53.258484092493724,1,0,88025
34.21806610392273,97364.15773029752,33.64645381247215,54.97093962953243,1,0,146380
34.76103909076017,97322.77015118326,34.066016694922325,55.801130930225185,1,0,49254
34.47309477641471,97326.02664296137,33.88982243222163,57.35471029585407,1,0,148511
34.2733238871207,97347.1638183047,33.421573212550996,60.04764572558224,1,0,111715
34.506028134727245,97328.46304025316,34.02620988930554,55.95799140978542,1,0,101512
34.37553559891568,97333.58883173102,33.72662376695018,54.18953380684401,1,0,59460
35.20614249052177,97334.65082630813,34.16434401624401,56.903402115801946,1,0,106134
34.964491927084836,97305.47490265704,33.90039770662032,58.28149368431106,1,0,67295
34.697608207605015,97334.06243380859,34.01862629561641,56.46202118146925,1,0,126999
35.14398324166701,97323.92408338904,33.612729313495436,54.94002718226856,1,0,59868
34.723210492294285,97326.87315766401,33.72320033057179,57.73699091222002,1,0,85605
34.441614739601526,97355.92448005204,33.76240840916967,57.29531842774765,1,0,72341
35.1569372231809,97315.42239658581,34.157010744072764,54.76087873370656,1,0,59374
34.8616730131054,97346.46807780123,34.40321312634165,56.87213842630151,1,0,111239
34.38882615370206,97330.08555604503,33.65844847447713,57.795898351488304,1,0,105063
34.64289839657492,97330.07359747257,34.2230544433973,58.07283506383834,1,0,125270
34.437314523984575,97346.12557844078,33.249096774682286,56.200326537035814,1,0,35603
34.2851600807107,97339.37076941854,33.54174317967231,55.76288083073102,1,0,120925
34.977853264259494,97342.82919495829,33.612366463143964,58.14091073312189,1,0,160000
35.27282499214104,97348.792769908,33.49424739316778,54.48475924552867,1,0,75450
34.28042972785426,97329.30037425226,33.42492348306372,56.95786893638151,1,0,145854
34.86889077100717,97325.08644898239,34.02389967364134,54.24496005895335,1,0,81105
34.504807229263456,97317.99274210163,33.83577969068164,57.8980644083894,1,0,47827
34.55386238487059,97321.88884205032,34.01382161928153,55.91293172658325,1,0,79831
34.522281822728345,97378.50641637963,34.107141805836456,58.2028748534712,1,0,120446
34.44080276909606,97352.94019371105,33.97968509795176,57.037119134533285,1,0,63854
34.71455648838345,97314.00388450688,34.09732895284511,54.4651696549071,1,0,70989
34.45071496507669,97314.43313064885,33.87914031412732,58.436941598115865,1,0,106806
34.78113704773396,97341.49799092578,33.54390198350828,58.62686789964159,1,0,89091
34.684928567165265,97342.47897196068,34.217344254246235,57.62342973889882,1,0,106538
34.62831558594008,97342.50325752977,33.72326636016566,55.15761820244567,1,0,96134
34.42773090138753,97330.4456630967,33.619321110371274,55.84097906846388,1,0,103388
34.526968600829505,97332.38818609995,33.84662463725868,56.518140826108635,1,0,76030
34.92661736774773,97339.18819286239,33.62615672421104,55.24443440100285,1,0,95951
34.85027515628732,97335.5583950944,33.77477088540317,58.8385198586948,1,0,61178
34.406733426560436,97300.9804944088,34.00321617646904,56.51648970758905,1,0,127653
34.72979969162877,97330.82300554137,34.00450252177384,52.24497792933896,1,0,69971
34.92541613701154,97321.4989034861,33.63065098007231,56.80903371913433,1,0,122865
34.19917841566359,97336.89817128362,33.75368838811538,55.77776390477403,1,0,81991
34.863008057713984,97379.04888503905,34.22229990143107,56.18761016582233,1,0,95059
34.50121287231625,97339.78222498212,34.04892003532018,55.74707095132145,1,0,74151
34.87117960057795,97329.56705470741,34.52251951180456,57.510569624910026,1,0,58520
34.47102225303725,97348.09702252966,34.25403845212246,57.97953166783007,1,0,36657
34.158535369800646,97341.51031830814,34.24328792056798,56.72457974338798,1,0,57340
34.211737268635055,97340.57141735678,33.48363943486326,55.79103321929276,1,0,79282
34.71442548399842,97343.37275889824,34.12915810549003,56.23799419278624,1,0,95356
34.77791675051645,97365.11815347245,33.88406795949093,56.32939942486644,1,0,119311
34.42870501246868,97317.30667347011,33.73470545893852,55.096354940202744,1,0,75627
34.89157773763321,97341.37448115218,33.95040460215976,57.16839297285685,1,0,62541
34.20154398131932,97320.37428305027,34.183563460383446,56.9900634857907,1,0,45718
34.680176060405806,97342.60268969514,34.050249477301264,58.61066185966501,1,0,103401
34.336695140071264,97320.48970232772,33.63645785959738,58.18302467043271,1,0,130495
34.50444916765935,97328.00949779592,34.12273767407778,55.2714876236148,1,0,126989
34.71421960139493,97329.84365128643,33.70872373737721,57.530447561763445,1,0,110297
34.441875990414815,97348.90725079017,33.96500493568929,54.87356992535829,1,0,108156
34.58463333673105,97348.04681665915,33.80899497975686,57.343898151411274,1,0,139928
35.00188784276433,97315.58423935331,33.83434012447931,55.52507870185983,1,0,98962
34.52693243914306,97335.094011665,34.129872892512154,54.76512016493662,1,0,108383
34.950707633619544,97323.62630217876,33.587941884055226,56.720068014046106,1,0,79376
34.36108794360272,97315.39242633988,34.483558522283076,52.288149307768784,1,0,48138
34.85894125337459,97331.01474424364,33.35367417921165,53.67353663839216,1,0,68484
35.13247058619737,97329.64275817317,33.72069969502354,56.03376217433857,1,0,88725
33.95850664996182,97370.67074729518,34.01106356698252,56.42366264995226,1,0,90823
34.46093142335886,97340.76439738041,34.07529424993059,55.746021844762716,1,0,146788
34.87312163815417,97313.60573748869,33.86985728382849,53.930845551923596,1,0,91438
34.6390863841871,97325.79838993744,33.88278278909954,55.073162236792236,1,0,124365
34.8113437620114,97349.59074943145,34.02316502559828,56.88681399085609,1,0,75947
34.51880444398525,97365.59664159306,33.83067915676269,57.17267265594254,1,0,79649
34.72597693624187,97310.48025031644,34.317954377380474,56.275665323606084,1,0,49129
34.65329682938238,97306.07113422292,34.151804734269476,58.03525067155548,1,0,66730
35.05033461849794,97362.33447763057,34.16184730530169,56.89609553518885,1,0,104809
34.776326252990366,97340.11421266057,33.61015298298887,55.17881651906268,1,0,89226
34.801280798622564,97321.24560902186,33.876183472678285,55.87924691988257,1,0,117288
34.57643691016326,97342.28943629185,33.809860215383786,54.19570076418822,1,0,94437
34.55371813277826,97294.73378391475,33.59831958729316,56.137791514412875,1,0,78426
34.570232543654114,97334.32063259896,34.00804925518373,57.968150928832,1,0,153448
34.81833564271349,97339.18731759264,33.73870627266605,57.327935127066446,1,0,86182
34.57370465575392,97348.13405209307,34.09662114895507,58.40301398887868,1,0,123890
34.78693245706893,97319.06156071562,33.5789425311317,55.84567213430151,1,0,76963
35.32262023959363,97335.55530742105,34.41571218385255,58.319149691771386,1,0,110287
34.96133741102951,97320.38863060912,33.63110020242238,56.010043660328044,1,0,116840
34.60219294034965,97338.10075633512,33.96579070116013,58.507377623854836,1,0,95254
35.06036417664919,97320.83980516456,34.13755779311642,56.26721487883681,1,0,20000
34.57757738809354,97328.1484874126,33.72880787093997,57.36084706070641,1,0,89547
34.08856263944665,97319.33276907814,34.15574059302988,58.51266854646478,1,0,125913
34.39757410672478,97344.03704362737,33.53124492065987,56.00985855712819,1,0,104824
34.13876242369225,97347.14676674985,34.335635309754764,56.62758348131626,1,0,102375
34.59454595478761,97330.75069145064,33.90424477948972,58.23329513780945,1,0,37332
34.70552551375687,97334.8435699244,33.72107657760934,56.1004952541049,1,0,67386
35.20293119368259,97312.5411287805,33.810245468271766,54.31866157624076,1,0,101340
34.798078212129255,97329.77485027991,34.14267578081781,59.51451058187736,1,0,101311
34.634269841357344,97333.51693074437,33.72466341244487,55.59535330349429,1,0,125440
34.94882167435505,97373.58189636546,33.675192693173166,56.53813407640631,1,0,84653
34.036659407297634,97317.5904946134,33.83353902072488,58.034010004176686,1,0,101174
34.77068436743257,97356.23265858128,33.546911366169006,55.387259144403195,1,0,89491
34.93125955816609,97349.22288160199,34.44616317238254,54.788198130166805,1,0,59391
34.25642412626605,97338.47954606736,33.73008162263558,56.68060594516225,1,0,21326
35.04312621296208,97360.64930726294,34.14948503585412,53.61038540313141,1,0,101930
34.80154892224833,97339.8515820891,33.96284102509433,55.868140884698114,1,0,94218
34.57541362582976,97340.10738793503,33.60463978485541,56.66755799647311,1,0,70454
34.88983455983189,97333.47319020474,33.89821358723618,55.89507215476225,1,0,40424
35.38120785734132,97352.62353323628,34.13520083379322,53.98482358522138,1,0,107892
34.754559876517554,97350.71703850717,33.84352159947411,58.691266934306014,1,0,81022
34.774466175890105,97324.88484068756,34.25793388375531,56.45530723092376,1,0,105706
34.56219173013793,97314.48129208102,34.20645461783456,58.44672817664261,1,0,144921
34.44504668916056,97331.22529043906,34.175674456397495,55.90994562472933,1,0,24757
34.949100744963275,97322.26942153405,33.762102968318096,54.97998202746385,1,0,68011
34.443174852227344,97333.31713138077,33.57604726566555,56.70377138038274,1,0,82718
34.72146987116582,97352.83157202027,33.71592371839116,55.97631931050767,1,0,132644
34.55670276597047,97327.4104751737,33.95887228220001,54.53335781301296,1,0,39907
34.84369394772392,97333.62764928033,34.06373601405971,58.50467638818124,1,0,147075
34.80009863158609,97335.14034102212,33.248528578571865,55.366594665659,1,0,93075
35.01126198327737,97346.99646323308,33.89756603951648,53.53960042280664,1,0,86119
34.54699508034358,97300.56665999023,33.94742676759695,58.292249080935996,1,0,83058
34.61903751941199,97325.16949557852,33.816736723105336,55.54355297628106,1,0,75912
34.40637088526531,97337.43925538419,34.28738215170476,55.38826416107656,1,0,120443
34.56671202197717,97352.2711843464,34.02653402227526,53.65191861945504,1,0,56944
34.81319014791346,97326.89146328741,34.29305757242427,58.91141222989548,1,0,99362
34.927096584993606,97306.12170940937,33.83521184389493,54.36577911918547,1,0,77474
34.42335040274671,97343.5656716895,34.18124324775208,56.387674221058475,1,0,66135
34.9608817760317,97324.73956416763,34.39051991835825,57.668930483810655,1,0,160000
35.10669135764149,97316.42500011365,34.293508034781794,56.93257539950464,1,0,101571
34.82403047096712,97324.90481915431,33.57235752197138,56.21051853201171,1,0,107397
35.263038743767424,97331.50211963517,33.82389717673728,53.74750121256887,1,0,123133
34.46786324026893,97325.19883003194,33.79645058836506,55.08541274634907,1,0,46359
34.32660358900658,97301.18650914352,34.0467763605229,56.58170050706378,1,0,141568
34.16638392532872,97347.72599295332,34.10590606650436,55.1192388950195,1,0,20000
35.14881329344676,97353.39312561919,33.64833219779228,56.60503918999815,1,0,65937
34.89630969690622,97344.0428298701,33.92035155417508,57.32261511322271,1,0,75229
34.68332459872687,97317.20471494363,33.29402180035316,57.74375432870015,1,0,106451
34.78399058789595,97331.2476269908,34.332583501740565,54.46073096328097,1,0,95561
34.36235328581049,97334.17218027156,33.74628772779699,59.59496908246843,1,0,83995
35.43372559388505,97343.25191584343,33.916759181953346,57.451219016831196,1,0,88640
34.73876635459257,97344.29510733078,33.80710508580358,56.2974287694964,1,0,59659
34.73281843838147,97323.25739301833,34.243808272504026,57.93430487461496,1,0,44083
34.91772998716961,97335.4999333462,33.04874806758078,59.84811165799996,1,0,110795
34.844302769521015,97341.12920606924,33.89501689730223,54.141919848414695,1,0,109811
34.76716520728374,97356.10733483221,33.86825437275069,55.962106036262966,1,0,136534
34.46285766336641,97344.83759809738,33.763909083722496,52.732352510190005,1,0,65299
34.8414405071408,97346.10585031063,34.41786796369069,56.58897729897203,1,0,109784
35.26460734894251,97335.52739941895,33.63380116234327,56.84809136288771,1,0,80488
35.103626013846494,97355.42688717805,34.131538853170696,56.24125682683586,1,0,124714
35.17795598799182,97340.4164419394,34.006875836611826,55.31819964350253,1,0,119658
34.546635297070644,97321.3536813474,34.278455775760655,53.22572822571751,1,0,95336
34.403118553922425,97355.32054955188,33.699843274566746,56.86030052511765,1,0,78814
34.66226392397011,97344.73854908808,33.68010933026287,58.483151725872986,1,0,117827
34.716717473686614,97327.62433968308,34.22882097224322,55.41347231639985,1,0,108407
35.028257455541286,97327.07760548902,34.027596392499035,56.960089893534715,1,0,68466
34.19226061108556,97338.71863317712,33.436518795996975,53.94778352986992,1,0,49166
35.15886509583819,97341.21777192902,33.73820849566102,56.98581959553877,1,0,80344
34.65259763042631,97337.22938398448,34.01591479615442,55.70992655338301,1,0,134462
34.57193567901578,97338.93963010165,34.151329266463975,55.156373074095626,1,0,123394
34.396368687421955,97359.76936061865,33.69623080404211,55.1594545381758,1,0,55630
34.20354299844027,97350.34314728352,33.025723203054916,55.709582626950485,1,0,53967
34.94695117518858,97337.12953386898,34.05696695572111,56.873649973538804,1,0,127240
34.72199539015652,97348.38965871152,33.533903793016805,54.33175519820672,1,0,54930
34.31301173007769,97318.7821414471,33.29479836056328,55.70432700264822,1,0,104278
34.311476368380916,97340.23890574921,33.050302222504754,56.23779233300127,1,0,70517
34.59926459021296,97361.409595246,34.14419425805932,54.65144116320221,1,0,137511
35.20070645758682,97330.99931156912,33.93858523512149,58.99499780251252,1,0,65887
34.62212259459092,97321.55549107071,33.83230308578632,55.019756779907986,1,0,123300
34.24905711406457,97324.48866667111,34.31670730888883,55.29584462954976,1,0,94545
34.62627708077422,97317.92550443987,34.09119740490692,54.83253807526625,1,0,96565
34.6181829290757,97322.49857137809,34.38489001281658,58.99772013070717,1,0,29890
33.89093400711753,97328.71237852116,33.4821793583499,57.12935784289922,1,0,22912
34.68371154004466,97313.18649471232,33.88963481281381,54.89511199063453,1,0,82383
34.6307196409374,97334.50427500925,33.41498598751559,57.95934733828995,1,0,96407
34.90886190944403,97347.8041576068,33.83118530044336,56.601048041433316,1,0,55244
35.25468682848361,97320.65365729781,33.82541524387,56.68588013166725,1,0,56339
35.03796950886433,97357.05925885463,34.08798409117892,55.78328418687132,1,0,105844
34.61933339283355,97341.93188132792,33.913669164342565,55.17587601956454,1,0,105885
34.3680422273775,97349.72870878436,34.08702214148397,56.8066491485819,1,0,84867
35.47200794097496,97324.40248169222,34.11103203994167,55.48236915500661,1,0,112406
34.717765530204346,97347.087878406,34.54647860321494,59.02513344436265,1,0,53773
34.70417878757389,97317.89099149407,33.805411003414164,54.39606334213534,1,0,78321
34.692762473867,97347.62371251255,33.617693189800086,58.60423515928242,1,0,138436
34.75942542823036,97336.8475900969,33.97382508459492,56.1330217268033,1,0,91049
34.65669187642282,97342.56876829978,33.659315991858136,56.748628601031655,1,0,92789
34.527901397935935,97316.63608091563,34.34458823053096,57.54973664994415,1,0,158178
34.535942317627885,97320.84395236586,33.81503458831643,55.35462605749334,1,0,47019
34.6901740189352,97343.2284232738,33.730327089637804,57.59637257704795,1,0,112892
34.53697256865987,97320.04477993664,33.75860528365466,52.238684216928235,1,0,138919
34.48614626519685,97341.21809438149,34.11552522704149,55.22001570016709,1,0,79254
34.73192906830757,97313.7629329031,33.85267590503055,54.9139057889884,1,0,114788
34.62350683477375,97346.99261319,33.707499953960884,54.41974098144235,1,0,59539
35.15119789657481,97315.78215027848,34.399605575287055,55.97756774288157,1,0,68398
33.9047090574821,97342.5544990652,33.64314904780147,56.87862495227254,1,0,100548
35.02745205557674,97343.65446400469,33.9106698222099,57.353989997748954,1,0,112957
35.073825557749295,97323.81842272356,34.09569184548307,56.661315135800606,1,0,122628
34.07798293027756,97343.00039850628,33.41059946687488,55.30145980265968,1,0,136088
34.597193721775895,97338.17663395,34.044078150421775,56.85352465673775,1,0,86976
34.58856774020126,97326.18737215712,33.583467697355864,56.48642854227627,1,0,124808
34.27774649158466,97319.14167973887,34.1468348342502,57.70408425190402,1,0,78730
34.46665499372274,97304.83061462491,33.61120469642431,57.46540505439727,1,0,116062
34.36682724636025,97339.5147507095,34.107830709554655,56.34571462088094,1,0,95224
35.22568113302709,97310.79795842957,34.231749919888415,54.954120490758115,1,0,102370
34.98070351794424,97335.70016299162,34.15843095768984,55.32057476625187,1,0,101705
35.081466528498254,97330.31827675877,33.97539499447143,55.47531596054295,1,0,40858
34.91650161921297,97344.45714163157,33.83060971712109,55.82710049912561,1,0,55276
34.361284468634835,97329.73931750766,33.72707412709955,56.702075641384624,1,0,92076
34.54264392011607,97329.3282832048,34.34131040724513,57.37276158519209,1,0,38381
34.846812368368376,97345.24806056432,33.69015143394971,56.22332196047693,1,0,113936
34.33336165733242,97339.29587043627,33.588880177929,56.324187181850704,1,0,115146
34.91389952905172,97339.01233935775,34.09961068050985,56.514959457500005,1,0,98815
34.62790238055256,97341.30901384713,33.66115895904405,55.526142030301486,1,0,55365
34.58755375773512,97311.2364181519,33.61498095076016,54.911911613535565,1,0,130404
34.91328799046105,97345.62183019982,33.46691872134907,53.666843154033934,1,0,150116
34.833278993445816,97343.4570319102,33.755127048161846,55.25727596288469,1,0,93412
34.59171015025428,97319.01975307136,33.87518549283105,57.009718179901675,1,0,104316
35.047798941009276,97330.6087928949,33.97292751829821,55.245632842940644,1,0,95052
34.37568100172003,97333.6803906856,34.185391873289845,55.94328944386109,1,0,104911
34.88478068208328,97332.25254823398,34.058069377099734,56.99964693111847,1,0,85413
34.87793037739052,97339.27789949853,33.84273833413405,57.081034244634,1,0,87963
34.607136068205804,97355.74050172747,33.840541297086084,54.68070072175094,1,0,116171
34.797839906672635,97350.49650091509,34.05304724067455,57.79558903468046,1,0,159368
34.32466592708441,97314.58671209853,34.28177104887857,57.99102513403322,1,0,46997
34.977208105762074,97343.6010498546,33.93789425984496,54.60522521417216,1,0,85885
34.64452935906711,97354.20399979304,33.759260743736874,55.064244695538264,1,0,53586
34.54318309384429,97340.07212781034,33.60214019967434,58.08663602471928,1,0,136760
35.01470276775107,97350.6347063778,33.46643842067633,56.07971971811705,1,0,71367
34.488696892837176,97364.45405668551,34.099880901613055,52.97033307882222,1,0,45703
34.277461611090935,97349.62564319161,34.07339355709187,54.200477742900965,1,0,108145
34.233011247942834,97338.00962893463,34.073209057532,55.925945562241274,1,0,141329
34.881802985403695,97349.94632711128,33.86140216609438,54.5554360245731,1,0,108907
34.315871194251116,97336.44331749645,34.322080423767524,55.679864344045335,1,0,95143
35.226438254595315,97334.62854564928,33.75476445162455,56.348594320525365,1,0,101274
34.07542117763489,97328.9987864643,34.18658077116216,58.49338190605209,1,0,131445
35.20893691048701,97357.72120038248,33.888377131503134,55.86431912565831,1,0,62774
34.76330524016079,97321.99357001088,33.7174947705962,57.90881269935914,1,0,85644
34.670986066438886,97357.25551587017,34.07775909219533,58.443140243055154,1,0,75419
34.53652427395732,97341.76796185611,34.022890835605196,58.45146450402811,1,0,53964
34.81974083430563,97313.28040737797,34.00709182778007,56.72713189007835,1,0,79148
34.68870958927255,97339.78473939488,33.92438352661686,53.35506627824154,1,0,122231
35.030990564604956,97302.76960238523,33.88863207548495,56.991237298105794,1,0,105998
34.734268294598614,97343.65262025247,34.61651159786113,57.87259983172031,1,0,108329
34.74509052843857,97347.54847224485,34.25527699355885,56.17839934184687,1,0,93394
34.590916336335845,97325.38466066522,34.11684806849565,58.916875805112866,1,0,104699
34.682916312883684,97336.12321543934,33.93353974746101,57.589750342201185,1,0,64982
34.79234053066762,97363.58236150625,34.202147160179,57.15241006572917,1,0,79714
34.18694948220301,97326.68379943607,34.055398432917436,57.929571066808755,1,0,94760
34.29554437336829,97318.38638619415,33.90786142583221,56.800054776891315,1,0,97325
34.92297922820682,97356.49495103695,33.80893070242023,52.56078425090697,1,0,98605
34.75125963143839,97363.70880785797,33.87572479870119,55.55129157279445,1,0,84849
34.6448049990942,97334.32543507773,32.94887227923658,58.09575204087178,1,0,77677
34.70553017991962,97349.44194553113,33.96318025178929,55.08861298985255,1,0,160000
34.804274511608504,97354.39213873296,33.75345717596689,55.964791242144585,1,0,116203
34.5380720959072,97323.13273651192,34.37780099948486,54.73274552914539,1,0,101394
34.46650858237931,97326.99041246949,33.905803221243524,58.97588389280265,1,0,82003
34.75875357652931,97352.73311769732,33.54331097413951,58.82223868612702,1,0,75463
34.40648816671549,97359.54521418063,33.885035953761566,54.9741966572889,1,0,85075
34.822475826714346,97342.71321290261,33.58616367448125,56.520947000583625,1,0,97784
34.18922491872865,97321.07278469748,34.04202222471374,55.279258928353926,1,0,32586
35.00874669119769,97364.0759166755,33.98728420930185,57.222416958547065,1,0,41918
34.84177924472392,97326.30543653283,34.187351889332476,57.06452461586349,1,0,69893
34.776808920294165,97329.24293328244,33.66273546249163,57.517558357419894,1,0,95214
34.994807295183655,97339.40506751735,33.910202428868445,56.79787767156183,1,0,81821
35.19964233333877,97357.58240631073,33.49049346137201,60.7031093095827,1,0,133343
35.004311019505444,97347.07963964829,34.110448434577414,54.75811435248389,1,0,44528
34.14773773060051,97340.49298250543,34.055661354132035,53.734094968345225,1,0,66459
34.31612690997929,97341.21932795178,34.04874150630827,55.71036469894781,1,0,134602
34.5125544266913,97334.92272002966,33.90048570940708,53.94801760165959,1,0,92933
34.707827315063255,97342.64209271778,34.024431867236636,54.06130659499101,1,0,115545
34.85529770614074,97296.3265988346,34.38130173249258,54.79802801870305,1,0,150537
34.482276856053964,97329.82088811396,33.8144717228874,54.91671664185256,1,0,68185
34.75603002934313,97337.88982902376,33.94159355511302,54.868072847074906,1,0,86020
34.473385120294004,97317.00478874572,33.574162110245574,57.077328425668114,1,0,80827
34.516544659102415,97340.06484976718,33.6395217115205,55.54071640837199,1,0,30362
34.278001670945535,97331.20293168521,33.92934398792799,56.03072813769128,1,0,79688
34.42303002616673,97360.60213547474,34.23118006401057,57.6413491617514,1,0,115431
34.294494618315106,97357.86529587823,33.823115752724526,55.15051621282786,1,0,105217
34.4072380241068,97327.28291646323,33.829225041206364,55.90318115194292,1,0,107572
35.016092538982356,97332.0074343265,33.777934426648685,56.84863997913937,1,0,77734
34.41518033335042,97333.16078651587,33.7395729987467,53.38764829906967,1,0,69317
35.48971461945122,97327.49510785761,33.98849143671264,52.722641736574126,1,0,127077
34.84799537026427,97337.19537476043,33.4508227064464,56.81917599319658,1,0,74080
34.75545083710846,97322.89576896669,34.28428187300002,57.03802142085034,1,0,97822
34.442492665945636,97317.31076997594,33.70037331056116,59.39633020227861,1,0,93900
34.9100929638227,97343.61066835851,34.11657104563144,56.53714231380021,1,0,132851
34.52730865212867,97343.71294376333,33.519000420781836,57.529609575887136,1,0,118142
34.73660294439361,97322.20526360511,34.10065203916386,56.00679103462104,1,0,50142
35.46802536148064,97347.70033146144,34.101583382344344,56.745840832377624,1,0,53373
34.671182030082605,97324.79633406253,34.01526062160177,58.8008852626243,1,0,106367
35.04478199788571,97338.06747857058,33.60167144346006,53.11401077281155,1,0,87069
34.489047072462235,97346.5751601892,33.97486445687942,56.92042438635752,1,0,75344
34.689503452850914,97333.76581152945,33.545083144579685,59.50338009511604,1,0,119468
35.231240190690656,97341.09111368212,33.824171023471145,56.72305132881401,1,0,94623
34.51190988266367,97326.52355534169,34.2088239302866,58.77585944484927,1,0,90573
35.24373456739908,97331.32300124859,34.13901057812122,55.356181775705835,1,0,112394
34.91232558063665,97331.1821085368,33.90455488276213,56.251928758754424,1,0,77746
34.53125996723172,97323.0713248019,33.60755802722315,56.35028705358288,1,0,136055
34.88972232171666,97331.61838755327,34.09367631365226,52.973613380961844,1,0,65358
34.99176633488802,97311.04072551704,33.905814371309404,54.547733258224696,1,0,108707
34.88654298866516,97326.90269379287,33.20390532053087,54.65468738092402,1,0,132014
34.22893258403287,97329.99686759946,34.134788947894954,57.533099117048785,1,0,47681
34.48185884725254,97330.42730371257,33.89273014983909,57.60822965852608,1,0,78699
34.62574440933455,97330.64753831194,34.26073537439492,56.7860546640598,1,0,123266
34.67766997126999,97333.3435370021,33.57141884434716,57.536154345283556,1,0,123717
34.88620162926521,97341.4616227713,32.9469888560412,56.053775880917335,1,0,83855
34.75331030027998,97347.38775611199,33.98372515750356,58.10289750430931,1,0,66959
34.29939669238697,97324.52352159728,33.98746910300459,56.313182663948105,1,0,117678
34.814059355301794,97316.22198716916,33.39279851171806,56.38679607114013,1,0,124506
34.88317572358515,97318.63933381636,33.606450136240014,55.90161105010638,1,0,54060
34.86793713437932,97326.96195618209,34.72656532311597,57.32667571645464,1,0,52882
35.02423421766639,97328.99118023276,33.808316815753855,55.668201775080625,1,0,95757
34.950176646364675,97322.72005900704,34.11928769291286,57.7646470657971,1,0,107880
34.83775402376853,97314.82825003625,33.704802051789486,54.60177628892599,1,0,80027
34.67895028656241,97327.4281875879,33.272909130344054,54.651625617907705,1,0,109378
34.20171171994521,97336.99139930171,33.84892252596123,57.331140132689754,1,0,67695
34.82888546573978,97343.19544198754,33.82031863191417,56.167183678125475,1,0,25559
34.762306306148936,97325.90865420338,33.780036528399485,55.61916287577031,1,0,76282
34.78147365115861,97328.07503266785,33.86560774934808,57.63508659871319,1,0,90896
34.31697542725391,97320.36952536729,33.97928048149369,55.389107878870874,1,0,80724
34.37568303787752,97333.79841244438,33.85496491462386,55.99969811854944,1,0,54241
35.015945855999874,97321.54357048715,33.52079814961579,58.39884192510674,1,0,34530
34.68813345384301,97342.86691719863,34.04585543746858,58.60871351871597,1,0,73577
34.90445020921179,97307.48200262099,33.315188473403275,58.65859731540549,1,0,115929
34.70849551283914,97328.87555491322,33.284892762814735,55.87681133459913,1,0,126685
34.70892684184873,97338.78661008787,34.12175414841047,58.1460543574767,1,0,124631
34.9814851417928,97337.02751774483,34.05210608164061,54.87657075834698,1,0,64522
34.54518658153479,97374.66550495972,33.88278139047779,54.93964568791691,1,0,54388
34.7288362330823,97339.51700036852,33.48136544857348,52.77431622106346,1,0,103899
34.56131741338849,97319.20918104738,33.68762671779778,58.80930230284779,1,0,108053
34.56965113177031,97332.83803629367,33.82117597569405,55.00403022638588,1,0,101005
34.60724836295941,97307.626304998,33.421231809427766,56.11020113037941,1,0,28578
34.766640131490114,97333.06100376055,33.678291402593025,54.93451348710757,1,0,62993
34.55637541350096,97321.77415914499,34.095699101453,57.34274787249521,1,0,88109
35.07672683767206,97348.00085413341,34.32819160928676,55.736549508923986,1,0,103616
34.43161780933415,97326.02689588108,33.77416957420243,54.34277466435057,1,0,112019
34.643938506751596,97332.51851126307,34.12694650629483,56.96249384627909,1,0,93327
34.56808068251775,97324.73663237893,33.325781978823755,54.14940496278466,1,0,98923
35.13409336530612,97360.35277027781,34.09783537233408,55.04389141202676,1,0,91545
34.75896643295348,97329.45135850823,33.658815475581754,53.139666328060876,1,0,109568
35.009553361840595,97361.75835565219,33.99220368501239,54.16406283170359,1,0,98385
34.25433188808891,97346.48227643178,33.82567427452808,56.56779375458071,1,0,90972
34.78011507976078,97341.50100091004,34.29612420293515,53.35319594284561,1,0,80948
34.96688923868703,97339.80099720976,33.63766930549802,54.07828141306742,1,0,91438
34.72468519678263,97340.17695947325,34.08828188926855,56.29644662580078,1,0,103537
35.01964411251961,97305.35491130983,33.81614776101104,55.48458965586042,1,0,97024
34.54481346496989,97330.08674908774,33.8525083565971,59.28805495393896,1,0,100424
35.12280423205568,97346.94736956777,33.844843832052234,59.05084481903656,1,0,129281
35.38966943708578,97333.5365422479,33.64629806865177,54.99811630587327,1,0,96954
34.591148431868106,97313.19215229795,33.895770310227995,57.13570642760522,1,0,69530
34.56634924357977,97333.48393324134,33.88120553336345,57.42392383531917,1,0,115508
35.13601534313531,97359.83158274383,33.97237207452202,55.403781712963394,1,0,48014
35.17387164371922,97352.97337573303,33.925351543707855,54.05668769525269,1,0,56557
34.54314199185402,97333.3399398595,34.13939836488367,56.28155232603791,1,0,99075
34.57394395487125,97348.54173915587,34.177052584814206,56.04073148777883,1,0,104491
34.61546461734185,97328.77239469449,33.58481300345166,55.64635325454407,1,0,51648
34.29666484668972,97308.7119261976,34.16063175017723,56.96347530224673,1,0,77515
34.42440441605474,97320.40301017807,33.544099071867045,55.173905589491596,1,0,70817
34.39875776997438,97357.71333152763,34.07635676644132,54.57200367863128,1,0,74399
34.46966073046877,97330.16010377256,34.08592163541086,56.463624455524744,1,0,117307
34.68959453378397,97330.61924030937,33.32660493250125,56.878955138853314,1,0,110195
34.770264419760956,97329.77242705588,33.92789377395882,54.53503258414992,1,0,88426
35.16515014784422,97362.8320488436,33.759451165991905,57.69213591648662,1,0,72621
34.400493787778366,97358.65938373044,33.67237042261939,53.64427829333588,1,0,48510
34.99529671954298,97367.55170350173,34.3052556992097,55.43282981192653,1,0,131605
34.63580334673235,97331.884321844,33.70389625780877,55.912987195703586,1,0,106763
34.685160887104274,97338.70436733121,33.658086921264584,55.3456644310221,1,0,67799
34.902445847649986,97311.5203617587,33.922708482001525,55.452409289673206,1,0,110587
34.363183393531315,97356.42401639177,34.105676923889526,59.106611723462166,1,0,86893
34.81472292385522,97316.75330673099,33.85750542419696,55.02367386644165,1,0,80386
34.74993566246392,97337.52163345645,34.24991116370077,59.96183258370787,1,0,102056
34.84773537920245,97317.81046208552,34.059292698589225,56.95569016959657,1,0,66755
34.78675059317235,97325.43699759892,33.24653660408057,56.438082705967986,1,0,78687
35.43659004197327,97321.71106353425,33.74115991094789,57.0143605300815,1,0,92643
34.50867800472461,97325.15187108987,33.73144737019449,60.09489162387793,1,0,74016
34.54070091349946,97326.18315945278,34.04380828602883,54.80961049410283,1,0,109072
34.51305784207258,97326.04596807613,33.11255488308777,54.619373121595416,1,0,145071
34.53335686425193,97346.77000867671,34.66470291261532,55.16770070514212,1,0,66371
34.50878386180805,97317.69705810407,34.05930782846826,56.34821472044684,1,0,39046
35.056704959332265,97337.57812140521,33.9446630411753,53.71134331278114,1,0,28947
35.12615127439696,97352.53938728459,34.25447031492574,56.33350885897791,1,0,84485
34.52877611187516,97326.5720545323,34.603096215843784,58.84032070012051,1,0,69105
34.45029332806873,97323.50121663879,34.16122399337652,56.527111085937165,1,0,95235
34.84142466691593,97330.8121306223,34.18464392894148,55.860971811537084,1,0,92977
34.53433308671571,97351.96587812541,33.93920700733931,55.37275932697455,1,0,40903
34.88987954532666,97337.18161446431,33.857542273989914,57.64776755682735,1,0,34553
34.76087690625539,97326.30178558089,33.75726136679853,55.061250840142925,1,0,97877
34.24527676550083,97341.52814976782,33.65216640248563,59.06959388089887,1,0,93062
35.16425156039902,97317.73561775246,33.69389577009015,59.200039621571534,1,0,76225
35.23876330192866,97344.49039265665,33.4948332106971,56.68512619799268,1,0,39285
34.516163392854686,97340.39910961554,33.87723856479449,56.28272736788503,1,0,103141
34.58368953201921,97329.65287293291,33.394599726832084,57.84598971236234,1,0,127156
34.78575961721747,97321.6912130233,33.957274957243115,57.942197753340984,1,0,97339
34.80033703699611,97320.96978616575,33.8891008175873,55.09101240341087,1,0,63575
34.89756328180185,97342.29226004519,33.944080589516005,55.510167300294945,1,0,90336
35.30306136162991,97352.70470753734,33.743360528994,54.316478847975056,1,0,48016
34.64691583175179,97324.71038379458,34.82305811105415,56.913597407501086,1,0,120738
34.46051082663847,97341.14580055328,34.30803477005409,57.299941825185336,1,0,91455
34.28620423159565,97302.96459472098,33.526637249974584,54.27511154320809,1,0,35955
34.480720988017424,97325.50073404015,33.96986042622807,55.61720164277576,1,0,79979
34.690061908137864,97333.80411600694,33.7175981571188,54.27911912362797,1,0,102899
35.23836735905534,97320.62474874528,33.59565608198778,54.95180028463424,1,0,79008
34.54471661028915,97320.22240437816,33.497978378662815,57.12652559033945,1,0,80723
34.767136385491675,97324.25330665297,34.02966500722778,55.19977689998258,1,0,52267
34.69507313117818,97338.6528909249,33.69558592947913,55.84876106595155,1,0,105996
35.05651798203443,97331.46006472391,34.19034780720756,53.859032408079024,1,0,69545
35.45807972776209,97300.69653150013,34.19813466435913,56.580485314586994,1,0,24306
34.54073936812391,97302.45949771047,34.31217431556343,56.233590020233024,1,0,77862
34.553168167244536,97325.16702233214,33.64428397017777,55.206561124950255,1,0,118434
35.01324826312072,97341.1352987908,34.0426096832076,56.01647855347628,1,0,77392
34.904567446887896,97293.05742735912,34.08973626499269,56.57044232075516,1,0,141139
35.25401219772081,97326.77404735773,33.75774654746881,55.07769777663598,1,0,101869
34.87517845559779,97326.37628215224,33.66846841278213,54.08560618399733,1,0,99162
34.59221237276388,97355.09506667314,34.38285619973279,59.00836164903022,1,0,85148
34.877196449207695,97328.49467282431,33.96824876271962,55.350090942934585,1,0,86951
35.03261107417487,97340.01483477112,34.09079032521352,56.15485984521966,1,0,81097
34.94614465435921,97336.38885710132,33.65337719645162,57.816259602530465,1,0,79931
34.85218220933219,97302.3115028029,33.53421466004334,61.59358278135572,1,0,104926
35.02000240687675,97345.79310824948,33.72916506765237,54.433270325166696,1,0,60925
35.0507886771337,97337.50094758185,33.862793583783,56.97474082058976,1,0,56723
35.11464769731126,97341.89402959512,33.580733997954795,55.238671572058834,1,0,55304
34.894612966276895,97393.16356559655,33.897046557404884,55.49181454313493,1,0,150369
34.64986457590495,97303.00830590753,33.39344844357945,55.21968196848981,1,0,104910
34.74401410593,97360.14044974642,33.563985773259034,54.61151754829912,1,0,98134
35.06195268995251,97329.958287209,34.101273374483064,56.238062957323,1,0,57274
34.454919298703835,97338.57993356606,34.081137156083365,54.088245969427646,1,0,107700
34.81060199266187,97333.58731632048,33.78243697038394,57.7202113497678,1,0,85502
34.581998356301796,97327.90645499903,33.59467070727691,56.38250440405006,1,0,95425
34.708623446880445,97325.72250607642,33.5917789345422,56.93365245935216,1,0,59701
35.083535558782195,97339.2126310336,33.7880195262176,55.60071708208066,1,0,93808
34.75732972040598,97311.51239454992,34.09335554749359,55.74919409868237,1,0,76284
34.713930964446845,97345.52868751284,34.1784737074033,56.73134585775099,1,0,66031
34.292043157706026,97328.02708392673,33.75104047935541,54.553924051391256,1,0,111023
34.923876069808166,97317.3189599144,33.55395227220456,55.76301434838,1,0,42868
34.893645254342324,97327.51980713007,33.9803530913599,55.01057972918232,1,0,105943
35.34897641699164,97353.12723825294,33.652939508812246,54.964146784113474,1,0,109534
34.607666529514105,97326.23997369476,33.74452420834164,53.13524263906154,1,0,62610
34.765745098299185,97339.64680427314,34.29758282713111,58.30898988422,1,0,64390
34.77481510511323,97323.30565586427,34.14813462856973,55.27019187026934,1,0,82309
35.17323598392905,97345.63882774886,33.947392293675435,58.04506408274532,1,0,97461
34.67141134028392,97344.55261608186,33.51842429966618,57.90318848209144,1,0,84414
34.78370645773111,97361.99913249945,33.96341897024119,54.37100044022526,1,0,102006
34.882368952914966,97331.63654081752,34.218797187236255,54.66738314649073,1,0,141889
34.75598273694691,97344.29982207138,33.78730990027034,60.14075443903352,1,0,73768
34.56606991563484,97335.7410130931,34.30533422699601,58.926388912890715,1,0,37544
34.75822699786949,97353.70807672795,34.28782358685546,56.25272223000784,1,0,113777
35.022089524957934,97323.48751418588,34.39911984964304,56.68605965962602,1,0,139499
34.392045410176685,97345.44507969316,33.991572937959404,55.35373039557921,1,0,100783
34.73989090224406,97331.34954055825,34.0762175099418,56.948529071300506,1,0,56367
34.489963755518254,97333.30717734338,34.324256186499326,55.22422714891629,1,0,85283
35.058513988677454,97335.64628726673,34.03421818112069,53.25146935355242,1,0,55444
34.24304392856487,97338.0536059464,33.74962976766294,54.31766632023342,1,0,108285
34.53232344581853,97332.52656435317,33.76543714904164,56.33163912177588,1,0,48461
34.81316356251936,97337.49069774756,33.97156648613212,54.60339914674611,1,0,79996
35.1696572087703,97357.94177086344,33.512831573416136,56.199083802629694,1,0,58869
34.680274921678105,97349.05174528423,33.857022325390744,54.6880084408507,1,0,92804
34.533440141992045,97347.30731888746,34.22896413546908,55.12646911624701,1,0,78009
35.26434712083218,97327.43690710964,33.24262384465042,57.57974795961979,1,0,94302
34.26559582987513,97320.93138757658,34.36034463053835,56.67122082146015,1,0,89670
34.04035821301398,97348.59950837358,34.23671226561095,56.28550336802998,1,0,59400
34.832004335016,97347.41070188794,33.762070615250856,57.61844595960597,1,0,107806
34.54938373269422,97356.36006013627,34.06301724836154,57.020912890021016,1,0,87537
34.39363015486079,97325.21029061047,33.90094431807189,58.469844936877045,1,0,59344
34.91250693418981,97330.8267701696,34.2689971105316,55.61021110652729,1,0,156227
34.77314021413136,97309.67773756212,34.194804942830984,55.655547532208736,1,0,103292
34.530776410778984,97328.38293340908,33.4799787830451,54.34833610041298,1,0,84402
34.315908680398735,97349.21855765869,34.07617872403925,55.656528923941366,1,0,131456
34.961737198484045,97327.27256931158,33.838311643907026,57.747154841453664,1,0,144254
34.8950603533876,97343.87719692802,33.92484977115543,58.249981058393196,1,0,84639
34.67024724086619,97331.41245341004,33.68154842970905,57.74045775213,1,0,99421
35.2539910988143,97339.13085542333,34.42444112073625,53.608712200175844,1,0,59359
34.37897457010216,97317.05462915277,34.21201854597077,57.9247178189911,1,0,84584
34.24234244872258,97335.54814174451,33.67806865080811,53.54222206509189,1,0,83028
34.49242757903563,97289.40296043649,33.49961681792693,57.64717598618352,1,0,94544
34.686324195093356,97331.46655762757,33.784298210706645,55.74832321014341,1,0,98982
34.77300183479681,97309.81290134428,34.03035079382739,57.35379997090078,1,0,105794
34.627629182643105,97352.35991774821,33.972061753183866,54.30132747815815,1,0,96129
34.80561661895429,97345.93111029147,34.27593984743047,58.05675144905922,1,0,52677
34.32453817274287,97341.2700647295,34.13697591665425,54.10253788084266,1,0,60845
35.133129381221984,97357.0850934074,34.19087070772587,55.29731763372023,1,0,72607
34.67535464648223,97320.03625218764,33.99805662018313,54.802858058346445,1,0,80532
35.03518874947644,97360.48044796874,33.483210380936704,53.66857272076625,1,0,120523
34.80281760391331,97348.2528734639,33.841290440655925,56.4417913513827,1,0,54111
34.837025965746136,97330.72167069172,34.2180269219726,59.00913367675544,1,0,78277
34.870930184069664,97351.30430220775,33.884543121442604,60.30035783348001,1,0,117590
34.834312568005195,97317.67559731384,34.050927110587125,56.44573368062937,1,0,80003
34.89281682796027,97321.90228757709,33.80437550542616,57.97502191260128,1,0,102812
35.09874575903973,97325.14115415141,33.591056445437445,56.6481419568928,1,0,84813
34.758956350910445,97326.33533437904,33.86299678078617,57.048324792152314,1,0,96703
34.912701127276556,97318.4216353586,33.9927142329098,55.78677702330914,1,0,82145
34.67307929171383,97352.61624600644,33.703293684161565,56.5926153881339,1,0,109011
35.13203516463484,97330.38718399446,33.829286626542995,57.10621805690964,1,0,42648
34.49708230938222,97339.55757452536,33.618161027404206,55.4323104066855,1,0,78100
35.24028212987325,97325.7147295038,34.23577347526923,56.18375855016051,1,0,97897
34.6879526148067,97306.96095049178,33.811663272723585,56.212354821503766,1,0,105010
34.270767469364586,97338.32086037587,34.33582666353785,57.539604975995786,1,0,133788
34.73843132447324,97305.5861753687,34.35862435516227,54.70095174255847,1,0,77269
34.49568450275754,97333.24048930872,33.875686210583474,56.22268668708852,1,0,133384
34.95219306469662,97313.74527441751,33.597465380235796,59.16800820357904,1,0,69229
34.50421280620929,97364.07913998846,33.274230636679995,58.0460902288789,1,0,128859
34.566144970035566,97347.94044083262,33.45838887809196,58.323768573333055,1,0,113524
34.133137780716346,97335.85630686907,33.4878495525304,56.33664776026705,1,0,61596
34.56430810422528,97353.22560016482,34.31354088823845,56.781496345529035,1,0,98211
33.972836202011315,97321.57526033802,33.93474737616808,57.80335425005438,1,0,87462
34.224829152954285,97342.42219068005,34.0168813572276,58.64038329429639,1,0,107767
34.928124396843295,97337.26715650578,33.23387369731946,53.37259563067567,1,0,82301
34.93574004759525,97338.23030122001,33.54061007123482,54.326838039425226,1,0,79782
34.82763726853549,97353.3553025016,34.166123932933885,58.26416615210397,1,0,130072
34.40990715706124,97345.2573815417,33.986032233714774,55.884665966346795,1,0,86038
34.685686593157406,97338.60085494239,33.85583841639432,55.29241881611288,1,0,113792
34.69891923827283,97309.44668845658,34.069452707580034,54.41875851950659,1,0,82239
34.35249059324224,97319.86930557081,34.39073934184074,55.46747494768383,1,0,138999
35.151019490530146,97332.42936599607,33.83368726093888,54.19644607486426,1,0,68649
34.9632086871727,97335.67058561415,33.920810940797416,59.43664140909871,1,0,70575
34.633710747851104,97317.3169441299,33.95777907561939,56.26634592202914,1,0,134735
34.70806575169836,97370.44515013367,34.61763289058219,56.21307418735592,1,0,75651
34.76251484238427,97357.0159108288,33.27019312067429,57.182115012751744,1,0,137032
34.08747953947272,97343.30177480589,34.104966904436644,57.74351775389985,1,0,115755
34.62584678524382,97335.35055291926,33.86555932537228,57.71883223483196,1,0,84360
34.495404725600665,97331.08686545149,34.070031517855256,57.91043291586136,1,0,34601
34.39951399703153,97319.99122309967,33.702788233801584,55.35373167381371,1,0,88420
34.615669912134216,97335.43220777779,33.88531049074246,55.8531997925647,1,0,92048
35.23930595805486,97338.13628810215,34.11342317383965,57.45354748316341,1,0,124016
34.892252858380104,97315.64359136779,34.83387306031315,55.50891640754057,1,0,136653
34.528646303065166,97339.28264625868,34.14241085682062,56.29234005195916,1,0,68450
34.87177483440685,97331.94111426764,33.645580320590845,56.89814564663722,1,0,113035
35.1198066309758,97305.65288663184,33.77287209539319,57.47777762346556,1,0,111962
34.977390104873834,97321.36422483831,33.763975767484844,53.63347855644469,1,0,121202
34.71788911097605,97328.06591699868,33.361307048210996,57.372118474833414,1,0,103960
34.505918966688334,97362.5853148601,33.800972942489565,55.94941391322241,1,0,30725
34.90946699408408,97342.61829686801,34.11984872454652,57.36118656629657,1,0,84337
34.81804561562653,97314.2377764635,33.51773036427696,57.46539753853224,1,0,54328
34.96855796600832,97341.56054434126,34.21454479531518,58.711872591678734,1,0,82921
34.890551540504596,97311.06044016592,34.0463324463253,58.3301804714318,1,0,118400
35.0148658145958,97350.51036580831,33.679730003408686,58.31985749391544,1,0,98154
34.53942943653183,97327.20313022274,33.85754110879864,58.46550547874936,1,0,123442
35.0952182196903,97332.86545716891,34.37949654229231,56.737068477223914,1,0,99252
34.75927988140772,97354.15694971314,34.120064344051755,56.34827763055526,1,0,50050
35.322578261787584,97314.96254647124,33.902635096469446,57.6092256247675,1,0,20000
34.493243654573135,97313.3132272233,33.8286950049117,57.39812142714953,1,0,93464
35.22078914094958,97325.51601010481,33.9229827211355,55.836400644892606,1,0,82582
34.759373235038794,97349.8456827653,33.74647093261731,56.9072351132124,1,0,59691
34.50457459891567,97311.47980886785,33.26857514828429,56.247355299823106,1,0,37981
34.55483424978371,97291.78766602835,34.51265337316042,55.01910063730991,1,0,66957
34.603895807541704,97327.50261712387,33.94659749975982,58.23569111206452,1,0,83165
34.82724978392058,97342.54611199867,34.01944417953676,56.38279886379513,1,0,108976
34.856850646410656,97352.27392624608,33.88262767503693,59.37306238654827,1,0,94658
34.52788999881843,97327.32257956872,33.67946495978262,53.86176159470025,1,0,137242
34.692693622321706,97328.09860089327,33.84422265571537,55.464831840734945,1,0,57931
35.34268110758356,97351.57851101384,33.42018157134171,56.3489582550363,1,0,115431
35.21826295103022,97306.22387450458,34.58312594941599,58.00607164644337,1,0,90418
34.83089710090221,97328.44218837225,33.52964640047328,56.89920405890327,1,0,109840
34.711401043450465,97337.12635834888,33.590410114845845,56.76570913127112,1,0,75904
34.73600939801548,97341.00828081928,33.76792223868408,54.60910431116878,1,0,121150
34.884055391819125,97326.62289960214,34.286422717455714,54.56458790415579,1,0,97856
34.39316223044048,97334.78661517559,33.9043526997788,56.78375699043485,1,0,68616
34.622787038773,97296.94508969881,33.52915926119086,54.25384100927246,1,0,88639
34.199424777836725,97324.396273815,34.2763015082272,55.502183374566,1,0,81813
34.81976693678158,97341.07263068832,34.119300188035645,57.05137599362878,1,0,103675
34.894158781910825,97319.53558948619,34.06153048716494,54.826513591584835,1,0,53606
34.55504406131019,97335.15476332385,34.11472027235125,58.70803394354271,1,0,88119
35.17219602898701,97340.97308751204,34.61830857017473,58.13590451635683,1,0,100859
34.3322703010993,97329.13176198714,34.55552846851083,53.94287000249255,1,0,89990
34.26068753593706,97336.82695656495,33.69398539709901,54.90144313522702,1,0,129408
34.767335545567995,97319.82901152073,34.38716549784334,52.87133413325757,1,0,112220
35.01412949078365,97331.17083080456,34.01495045692767,55.1261129561778,1,0,88775
35.205178307437365,97343.42324254384,34.049728744841325,57.44958271485859,1,0,95500
34.56233472113932,97336.62459441453,33.392318750507,55.67915758658771,1,0,97869
35.02360425002939,97325.47203095655,33.84888427038354,56.99119586542395,1,0,101098
34.68844745914979,97337.63324606436,33.65615292289903,54.01649852257738,1,0,34230
34.648211810017756,97344.98914685956,34.14841764446799,57.496962881872854,1,0,79954
34.965097981246004,97303.52088082134,34.22132415012084,55.46733615810747,1,0,44466
34.89569686352403,97351.65611097435,33.27765409469511,56.31825452342436,1,0,127348
34.22708235290473,97329.2261789198,33.893389540798715,56.16068824791042,1,0,87174
35.14296210491777,97340.65234899861,34.23655845143828,54.392677218661575,1,0,83199
35.11402740624424,97352.22870385468,33.843996311305965,54.570373502390325,1,0,115903
34.51233118954715,97313.69489454155,34.11871909350071,57.75169170350514,1,0,101669
34.81874106003123,97323.6283849636,34.005349640288124,56.89848823625254,1,0,55140
34.84820905588482,97329.94176956186,34.00249806958578,57.87507356233014,1,0,86872
34.77820212974717,97322.51369718314,33.81860550657951,56.78698735325378,1,0,78944
34.53490845384638,97360.29404863756,33.53502575875929,56.514485952213825,1,0,36664
34.49851298961859,97321.4184185926,33.56354095577249,53.710984071999846,1,0,68291
34.69233377870257,97325.9367983077,34.11280575433659,55.894449954858246,1,0,83493
35.05181870577781,97337.33583547405,33.90583747665566,56.25892351939438,1,0,85551
34.863080046378336,97316.23775710886,33.85844632661783,59.229660797408854,1,0,44533
34.58881570037417,97328.33478932366,33.772832987303296,57.33043494814801,1,0,123549
34.93150961319451,97339.03179891876,33.80844334635577,58.60409177256429,1,0,85936
33.84543721381098,97329.27709393427,34.21407353834644,57.19630655884209,1,0,90126
35.044629710111636,97332.86919711651,33.79942677543959,55.23304515957578,1,0,101019
34.17808586636657,97326.33001831328,33.49768058600953,56.475686324224775,1,0,65357
34.591267717579065,97311.55294536229,34.12309553266205,56.654335469396344,1,0,102690
34.36409903161216,97339.09389817009,33.83853700084058,54.891266645343975,1,0,77987
34.31159555728373,97360.5939960747,33.90941875965983,55.723418935110615,1,0,62102
35.04824803621356,97334.54602446176,34.382273491919854,55.99134950948424,1,0,106203
34.55968963960643,97337.64896175872,33.893831832794845,58.70842974884768,1,0,133750
34.80395116451922,97344.66084132675,33.986755101935614,53.17888921191353,1,0,110744
34.68592382633625,97315.2300425518,33.5463229526105,58.10872763107406,1,0,116689
34.84311224816694,97359.80771987195,33.83409916429471,54.894807147560925,1,0,73381
34.72304656731808,97337.30493194635,34.082857813562576,54.241881219095575,1,0,41071
34.31510233274343,97358.74785348635,33.43338787984763,58.069913195057694,1,0,133704
34.99888004583414,97323.27450506715,33.96025352793471,57.39784710385157,1,0,150635
34.551873025051606,97361.54092883837,33.93023732179344,58.18177805357178,1,0,135284
34.23302543040208,97345.89733241053,33.912386236676234,57.50105292131836,1,0,78926
34.57156545171023,97342.56560128779,34.21114766959747,59.3897675026061,1,0,54360
35.150227937190294,97337.7803668153,34.000331554454554,57.138085755416725,1,0,57029
34.95506652263405,97330.54207072889,34.34342156950693,56.06528393581526,1,0,38488
34.595404359677644,97352.27797487711,33.60192314532179,56.81438956598201,1,0,85778
34.595222688704474,97336.37539804772,33.940777370165506,58.16520369251894,1,0,137170
34.603509484634785,97304.7639544462,33.92534003591698,55.13093701210982,1,0,84750
35.32302439506825,97317.5122030744,33.57922365187348,55.32216712620293,1,0,98069
34.81458063566947,97331.48231371712,34.186888500627404,55.83655997810314,1,0,130267
34.829012494157325,97338.91998474748,34.597401991755845,53.143125801852,1,0,76877
35.009085036209555,97333.42117266651,33.89489817765485,56.50711761262632,1,0,150065
34.77163674770796,97352.5545618469,34.05150632648213,53.47080694407346,1,0,148762
34.62228735625379,97305.00347203942,33.9253555427446,56.379588969398924,1,0,85066
34.64109504527451,97336.42381904759,33.68592459902784,57.59793463420287,1,0,71673
34.678519622175784,97307.0003116192,33.3537719166594,55.58468530903424,1,0,109917
34.68883332904705,97345.66568443227,33.68826795507139,58.815673805280305,1,0,78574
34.9182888630911,97332.85311928338,33.48241248571448,54.10924865087227,1,0,54303
34.715583765742196,97340.56414958037,34.41123062341774,58.086891022447745,1,0,127437
34.919792023164675,97321.31175559116,33.86546709182303,57.31270558461038,1,0,125493
34.67578502596743,97353.46197397487,33.796224201285845,53.72595012753396,1,0,93665
34.72359055709483,97349.89586996089,34.16674614743634,60.3661914485608,1,0,51114
34.10053979464037,97343.02316454519,33.56347466914323,56.20438207174405,1,0,52114
34.97489830241075,97332.32724129705,33.66994078859863,54.98377396676655,1,0,92216
34.8039465427694,97342.96785927944,33.92042168077459,54.18936920782397,1,0,74003
34.9994030329579,97323.66661148019,34.20863069742704,55.96997295851049,1,0,78767
33.8311233865419,97347.10333488531,34.05050551355063,56.10888969141506,1,0,119658
35.32651241143422,97359.01221341487,33.97449754275476,56.45396829280949,1,0,110995
34.65812311155345,97350.32915839969,33.9234353205708,55.853305765664054,1,0,130344
35.032454845021256,97323.32596295289,34.02007075665803,57.24983796517264,1,0,59281
34.38802822186234,97339.6912597591,33.960495871538775,55.71855525100513,1,0,78704
34.883832171518776,97314.87287684363,33.59100831756692,53.397553824139294,1,0,111769
34.38397533104791,97342.85585466764,33.91382376648994,56.07595775652553,1,0,102442
34.51286931179126,97341.02905119295,33.577893402324676,52.748783519940076,1,0,134971
35.27420940616004,97306.22275490702,33.92432476287025,56.83065594633708,1,0,101616
34.642795279771,97316.84324234132,33.75580561755353,54.83104965457604,1,0,144443
34.76522986195392,97330.02291654884,34.66181448683486,56.5450405323737,1,0,105200
34.96102031920663,97329.75710379289,33.888031684874484,58.2711124722869,1,0,120865
34.84870456639178,97316.12784596872,33.478728130121524,54.876876957098,1,0,79294
34.74512567154308,97340.10468094029,33.85974593679692,57.89188438776817,1,0,89428
34.80948830073987,97338.04210413412,34.055807623691365,55.649915649970765,1,0,116328
35.42102467557149,97331.35596302032,34.402009183845756,58.92979220309837,1,0,137389
34.682714360889925,97322.93312749763,33.72316428001838,55.752271080202675,1,0,110877
34.760329714014496,97350.00060689625,33.42527160779291,55.03926052173996,1,0,86504
35.01519631880229,97359.10110669633,34.145051103429296,57.33085767559293,1,0,130320
35.0316577798874,97327.01657774231,33.4858203882301,55.64631540556454,1,0,23240
35.05610909166812,97325.08749624268,33.76915336754775,55.03782572880648,1,0,46332
34.89161906660876,97341.63811498118,33.8227138543467,55.58324022394431,1,0,109449
34.357098526180856,97328.8995593038,33.87910996400996,56.233090201725496,1,0,89423
35.19002945969033,97332.17904199005,34.1067493371223,58.31327019686728,1,0,107165
34.3560963820944,97345.36479727588,33.69490971531408,53.39886838181063,1,0,90932
34.79079063957171,97305.6296586874,33.81788122434997,56.33462098842563,1,0,106128
34.4737172449942,97354.0445348728,33.895718894115184,57.23735539198106,1,0,64567
34.68075849602211,97335.36020786494,33.94487938725563,56.59017286248769,1,0,106114
34.79862872309105,97328.09760283158,33.92934815241237,58.2647977541503,1,0,118832
34.796407164635085,97332.93148768668,34.03080173256677,56.18848200536221,1,0,125616
34.82657622627059,97333.70644032532,34.15315185289252,56.02317283672108,1,0,149406
35.1841133807176,97308.30198044833,34.01779023469529,57.188494320520014,1,0,96322
34.8360602904542,97356.6940734118,34.03607565705276,56.44897072242702,1,0,97217
34.62675300941281,97334.88988448406,33.425333049976054,55.71438689257929,1,0,43304
34.98922615048651,97340.91503195671,33.9150683097497,57.074216059379566,1,0,73057
35.05684114667739,97348.54324655862,34.04385226440048,55.32120756017503,1,0,83207
34.3317176554589,97318.9525631366,34.11868235837113,55.383234271971006,1,0,120509
34.87922002095496,97341.37207848554,33.69229476772986,55.50800896735158,1,0,70669
34.91035182269327,97330.25538363653,33.70228821753341,58.32960374024961,1,0,112890
34.61073094899201,97346.97156162825,33.72776979741492,51.46847546602143,1,0,88951
35.11271204399349,97302.36158869474,34.0609241699674,56.89339825214441,1,0,83684
34.65498332389024,97332.78358549638,34.21016431647726,56.35140772130033,1,0,96466
34.73767293604146,97325.22769016324,33.777761967812516,53.778694311142814,1,0,77265
34.64807845271484,97340.75394425952,34.17238869408811,56.764590168704004,1,0,76128
34.70467371427444,97341.32066281053,33.937043942749376,57.0136279877473,1,0,37856
34.37111747393144,97323.65561157768,33.86271426685127,57.1844588470361,1,0,81561
34.26798473522172,97323.58739203737,33.83658473105461,52.32225790543257,1,0,74600
35.178351518967496,97332.61001947164,34.12398340938064,58.34958411778165,1,0,73520
34.445911595504505,97320.82036659027,33.99767334503612,55.19339494297274,1,0,101506
34.402582295163114,97346.89975543179,34.58274762829429,57.32985162012976,1,0,108758
34.05398296591889,97328.73189199329,33.6443326071008,57.411610671023425,1,0,95965
34.508311475693155,97290.66517671019,34.05543051060899,54.98495437157106,1,0,118862
34.303073061977756,97328.64766915068,33.74123969705654,57.29068992852732,1,0,106266
35.19260454804091,97318.69184268735,33.6392139039034,55.72176013863146,1,0,80148
35.00294512680279,97309.80086276808,33.896739858889504,53.19293423099276,1,0,75114
34.49355489644669,97315.70860042666,33.94120574382211,58.051612888291665,1,0,98384
35.3757307416033,97335.9111270775,34.77545206651803,55.13743255547564,1,0,106213
34.99452964609748,97354.19961242373,33.84475625529504,55.01825980589292,1,0,130935
34.602550584947416,97338.96776710798,33.560946381154594,55.69540119794491,1,0,124735
33.95017828553793,97325.17244917677,33.981903215248316,56.70835508799108,1,0,72755
35.38728277177722,97341.10856292756,33.27760798873609,56.21409438376684,1,0,85939
34.28312825997092,97327.38364534672,33.87241296521872,57.122100387060755,1,0,109130
34.206380375912936,97323.85099446255,33.90480758468855,54.29076595020701,1,0,121039
35.006771129602896,97316.95455997651,34.13838011488356,55.18642044435389,1,0,117169
35.431925721901784,97307.99256789873,34.19208667482835,56.1260043915177,1,0,87083
35.115281845553156,97328.42114440161,33.74892911432768,59.14683093898805,1,0,51379
34.86917273601571,97336.6408023488,33.85481579561102,56.12928119237936,1,0,59031
34.87842630249959,97332.82064494978,33.6701637508168,57.92783339549244,1,0,97179
34.9560246676341,97328.0304960808,33.56158123355769,56.357832753176474,1,0,99266
34.92767857693603,97320.08380908956,33.99296843381419,55.57451204384365,1,0,56039
34.78435742719081,97343.39369287528,33.51792433542102,55.929913363828334,1,0,90337
34.73126033118557,97314.51302120081,33.77561192982844,56.04737043195667,1,0,107936
34.681222061630145,97345.91041870766,33.60144781203023,57.2054686084411,1,0,54463
34.47381062334,97319.23674471611,34.06490495588708,58.36191690136483,1,0,122149
34.61579747693997,97322.98347143971,34.44042902977994,56.83952127152948,1,0,77674
34.192112955741386,97312.26822214077,33.509523605158996,58.08061651811263,1,0,126728
34.67049811196158,97326.74896779672,33.34409445513073,54.85281539355547,1,0,72996
34.40342266785473,97348.89968687718,33.86253393439498,55.67805423677895,1,0,58201
34.36892320483527,97342.00442132667,33.90470933878733,55.2135461986885,1,0,75255
34.753968245346044,97348.94633168042,33.96559779202719,56.771666886312275,1,0,86145
35.11760068590338,97342.10213818902,33.7661038454297,55.761562422230874,1,0,77345
34.97549498180069,97317.71495257205,33.839808210352366,57.39465940555129,1,0,82519
34.22884981891305,97329.3081616351,34.01025312316218,54.90349743255133,1,0,99018
34.4031115590289,97322.56701306324,34.21212926779345,56.364546459981916,1,0,83864
34.98223135639647,97354.22862356059,33.313485368904516,57.33028686651838,1,0,87016
34.40525378193851,97316.31817030361,33.78931816829056,53.20204583743908,1,0,37723
34.632610055000896,97347.67546534084,33.96414263818232,59.482446960995304,1,0,100750
34.865015629707365,97347.66430805164,33.62460716861678,55.875272172680184,1,0,86323
34.409496663540914,97361.71430302574,34.419350889530186,53.26244012948574,1,0,137308
34.73161265184379,97328.12470111056,33.709377035931375,56.537140847865174,1,0,60813
34.299792351524545,97344.9548323937,33.887612193897816,56.350165201959726,1,0,34751
34.51958970681464,97368.49477754808,34.066806629052685,56.177158430641256,1,0,107542
34.795934580242765,97325.005374846,33.72261456335943,57.78678666939,1,0,99395
34.2221018799405,97311.24439628702,33.34602808565867,57.421167457140584,1,0,58747
34.83214242138812,97306.06984949138,33.77140364192504,56.746814286535766,1,0,43107
34.694108660322,97344.96068043292,34.20883216677811,56.975233450919966,1,0,135121
34.86574698632515,97306.02274687913,33.79893146196446,56.14346232584287,1,0,131423
34.767174240219404,97328.68521420594,33.646069709562305,58.96323627386007,1,0,20000
35.10924212899216,97340.82969780559,34.177701662850815,54.081205972463344,1,0,75253
34.73756735079437,97337.04763305245,33.80076753119308,56.509477511323844,1,0,138925
34.571178337662424,97340.65167296276,33.74695175590493,56.39753694678317,1,0,74718
34.73668925090969,97337.60434783701,33.94483682689899,57.519920609096886,1,0,74281
34.86298940871092,97353.45298719971,34.13122506288563,55.034219183862646,1,0,80517
34.71465802109771,97319.98525428893,34.61451405951976,53.684491096405196,1,0,55373
34.71217750736117,97324.11507292313,34.148170832297225,56.535234524147285,1,0,37856
34.48940249365798,97322.68010832094,34.2479519899165,56.7218457383279,1,0,120576
34.50112972473472,97346.72287717795,33.74821014030364,58.53439911417147,1,0,33711
34.2792184184601,97347.77597882593,33.59223956820916,54.39445693051237,1,0,96418
35.22487302295608,97341.03837978978,33.918699404885736,58.032040650075075,1,0,115597
34.32684102938262,97352.02240500336,33.93215097457788,59.85112154604068,1,0,45463
34.49212844066123,97316.59938698936,33.57644617759062,55.73335266871628,1,0,61271
34.484477820329246,97359.27836167328,33.84741164102879,54.363586670760164,1,0,125395
34.96847731308333,97357.11857932569,34.01979528051574,55.68953845043994,1,0,104986
34.61151509651239,97345.30432995869,34.00811801850542,56.32100745105707,1,0,70481
35.074322621802125,97360.99698363157,34.05128635601528,57.14568181251037,1,0,125067
34.497952812726844,97309.42065188484,33.98728941904123,55.412907905242925,1,0,125196
34.78369824866714,97326.40327795607,33.74789740221898,58.63279780122101,1,0,97071
34.449395884022074,97323.24044808977,33.74582981200535,54.6282015274879,1,0,61995
35.34354473833202,97345.09218985637,33.54031458060184,53.691192271740796,1,0,76596
34.343720474291146,97318.51788890598,34.43543251175553,57.960065636430976,1,0,97591
34.79294621306811,97345.63242724007,33.90403510938579,52.8880684531907,1,0,83342
34.89013306427963,97354.82804215995,33.832544083261546,55.99380534669092,1,0,117168
34.824139729235455,97344.69804350127,33.62136237556426,60.97652169381207,1,0,43106
34.64441370233669,97338.52626535493,34.780697370698334,56.2819346705601,1,0,44172
34.661053790079976,97319.4518998865,33.57800159033313,54.61884852395562,1,0,94426
34.713143441593736,97321.56723550812,33.77134562231818,56.213903804319806,1,0,74253
34.655899399511455,97353.01428357945,34.02475105088582,56.223798817070694,1,0,70188
34.989163735038474,97345.96023505858,34.080063889723284,56.54097491052967,1,0,35958
35.36315690047741,97333.68470720934,34.187379616564705,57.293394473239424,1,0,89586
34.532752464497655,97328.00135681352,34.44228255233078,54.74133324744839,1,0,87417
34.28905910612628,97303.88288190334,34.051847296638215,58.83132208285519,1,0,108604
34.673515385494625,97318.20721371974,33.58319076001,56.667671426558925,1,0,91067
35.4739128012963,97362.9412863071,33.82291646246346,57.3901910696027,1,0,85021
34.45889762960908,97315.06316643496,33.992349711754166,55.35777590036653,1,0,124310
35.19173504163322,97337.11219731832,34.52046781245175,58.229573205493296,1,0,49625
35.20331024422293,97349.38165959793,33.48065835647271,55.9144213867804,1,0,105091
34.5339235274876,97315.44615997997,34.26077295156757,56.716328770240295,1,0,38865
34.870694923755586,97337.04065712172,33.95397431086393,54.90034088421933,1,0,63849
35.18851898693856,97348.33873306266,34.15134916056884,54.80460256039681,1,0,52620
34.58626167770376,97334.45748982861,33.86940158500922,57.33230795967932,1,0,112458
34.63892589196929,97377.296045835,33.6472702109621,55.63458975468892,1,0,87037
34.52549572581541,97309.24101111683,34.125261833820396,55.01926536874343,1,0,88594
34.395572980792146,97350.15092794826,34.096329308131686,55.33522498695945,1,0,55798
34.5052167364802,97331.67797393906,34.191617089721916,57.34842960757613,1,0,80009
34.332817919971326,97345.84880232255,33.896008609386406,55.356443208194584,1,0,66096
34.71022504047777,97340.88960727549,33.720053393004044,56.12351760259675,1,0,100503
34.46900803068241,97323.27265704336,33.43236390149285,56.322541625430645,1,0,59267
34.77013577353723,97337.7049458869,34.14581198044182,53.42397667098455,1,0,128893
34.23323130613891,97306.40147822903,34.027166844733195,54.09331039193972,1,0,38732
34.79926406966434,97343.31871250857,33.61026521014081,56.80441683387134,1,0,64804
34.95005868848268,97338.74237698986,33.73842789801101,55.19445595827095,1,0,139316
34.101879307228565,97343.84990252965,33.759972356414565,57.88508736692062,1,0,75945
34.812216970954275,97350.1417748763,33.45510467040528,57.75021065637581,1,0,49553
35.06830069774199,97339.78429760315,33.654695281018455,57.378752999533155,1,0,95572
34.33710769439264,97336.49134129698,33.559850892958096,59.029657680968896,1,0,74738
35.20177171605131,97321.05397495009,33.776256296433615,56.175366008385225,1,0,63923
34.82570570280981,97323.58668854527,33.67839075050113,57.27332288885576,1,0,56123
34.48849644327248,97352.07101930266,33.41189852373997,55.42339853510595,1,0,160000
34.68326927670269,97355.8150310856,34.506777069170845,59.97855486930308,1,0,81453
34.86749807375652,97330.69834345533,34.27576221930877,59.27545047865403,1,0,31232
34.72280161742373,97334.9600412088,33.666294173544,56.317820651776685,1,0,133811
34.86162679773391,97320.70078437509,33.98172641899608,56.879879344857784,1,0,107332
34.42379792207619,97351.86135267901,34.025239526946386,58.3389463990472,1,0,66006
34.75080824721083,97344.25125235537,34.25732575643204,56.07929074277884,1,0,61006
34.27588565092851,97363.38826154696,33.65441849200197,55.31506389380044,1,0,109204
34.66663218159539,97321.09515384231,34.22763203519472,57.61098462651032,1,0,81592
34.428827707560565,97328.59988151473,33.73562840873792,56.4176588691255,1,0,31220
34.47934101722307,97337.7416888379,33.499241278749416,56.574491674467886,1,0,142617
35.070827952563135,97343.96734306589,34.117240967794345,55.04859298539805,1,0,75980
35.02739303617828,97331.0349854368,34.28722752723673,53.7234917774549,1,0,133867
34.882741436272156,97321.1755836432,34.6763726920592,56.65421361481865,1,0,127353
34.37230617059823,97347.49111293386,33.540082420472935,57.6574430622413,1,0,58969
34.60507746509156,97345.08703043818,34.109675905524234,55.96128987638593,1,0,119995
35.06392930999376,97320.52588849155,33.77705962686194,58.4546442793383,1,0,69456
34.742515074091976,97354.60164201658,34.13500761315721,55.24412551187668,1,0,32998
35.395798861994514,97351.82298063795,33.45885313463062,54.71794331755112,1,0,76262
34.81799535181831,97336.28444745872,33.52116906729043,56.1991545392058,1,0,100929
34.75761473494701,97335.46396793565,33.66723755305005,56.17611113697306,1,0,75117
34.60726506073925,97342.58086656674,33.92368921370042,57.45495309700283,1,0,79788
34.74006227143469,97321.34445394616,33.70767562003849,55.13755576390402,1,0,123306
34.65425904908584,97334.72047218746,34.097716303174025,58.352141355222344,1,0,92194
34.91243260300658,97301.98424683086,34.208068385477375,59.25037544376238,1,0,63701
34.98701069503838,97347.41683468255,34.0798732623736,56.24128395954749,1,0,110060
34.46420316184762,97310.84760166338,34.38563629189826,58.174565630276476,1,0,94930
34.30063011393267,97356.82129742645,34.0247479888366,54.71525439406211,1,0,20000
34.14913838806901,97329.31819859051,33.53493098689795,57.912832311772874,1,0,101850
34.85239739807377,97331.09499527104,34.3090129540615,57.870914612839194,1,0,100754
34.36899001814784,97324.85399140873,33.7184531293182,57.59515592028482,1,0,89603
34.054132822114255,97329.94941689118,34.17312554990567,56.276655366694555,1,0,115751
34.81657358135929,97355.54797017723,34.37212026496653,51.86862658813695,1,0,68828
35.44789985522984,97296.95287015197,34.03700640321912,55.337409284521804,1,0,99094
34.69817872653803,97353.42448079132,33.451152356050606,55.361125973473094,1,0,41991
34.95154723233549,97339.34035221653,33.62453635004706,54.83261759290928,1,0,101212
34.724548807564275,97316.16467528214,34.29682334006554,56.4833645068206,1,0,147591
34.67033310404266,97318.14031410427,33.849263194307156,55.67155483171815,1,0,59154
34.97572294489633,97359.41589540812,33.92387206048265,55.06308198535246,1,0,66205
34.612917636743404,97320.08739680087,34.12764732484908,54.711799777628265,1,0,67699
34.78021769422158,97316.96974234107,34.10889685862409,55.226730521772154,1,0,92899
34.79650934185881,97351.32971813547,33.98363994371564,57.98224881777489,1,0,57108
34.49957286390709,97339.3482931443,33.83739948863386,55.30846241805875,1,0,101637
34.99761270486096,97320.20111635196,33.80619946628029,55.527591940350085,1,0,114405
34.64751207299138,97337.51937463107,34.1573696475874,55.61495357746513,1,0,105030
34.47327645215215,97318.8837097454,34.066070859320334,56.808490270714124,1,0,35947
34.86095295307113,97350.78232097634,33.82280999981466,56.984374232792796,1,0,118855
34.430459605462694,97350.1905644731,34.22463369389794,51.73301519113525,1,0,117121
34.70845434721074,97342.25009298233,33.861289765461066,57.83245282074141,1,0,113904
34.69726430100674,97339.6949159187,33.64450134769968,58.454552051365624,1,0,100185
35.025768669749475,97360.68782187301,33.672308790329,54.724720193957495,1,0,95605
34.84240946986399,97334.26529491083,33.60637774910707,54.841552632897745,1,0,119971
34.69249191237646,97316.54188811869,33.81827699501889,55.62461991833259,1,0,146705
34.94532988976009,97341.01210869249,34.27011728350086,55.16599397081509,1,0,60408
35.1170622647052,97365.56070574306,33.65847144569084,56.635890310919905,1,0,121343
34.86734309190556,97319.04860760222,33.95654272830543,53.3802120704617,1,0,86413
34.703105785953014,97328.8480584996,33.70299319631177,54.623108587944884,1,0,85109
34.30644913029496,97340.51669057153,33.821907287618565,58.60879580026236,1,0,42904
34.38046590107739,97333.46142726492,33.44698763640442,54.90767004897797,1,0,80456
34.6084325886936,97319.53544629435,33.833838531253036,58.165142417154385,1,0,59082
34.517146339352216,97351.09786784346,33.84188838605851,56.8330072933852,1,0,75084
34.64390860910437,97369.07061083027,34.062086383210705,53.58609842811761,1,0,56054
34.716994977469135,97337.21197188536,33.96698427397661,57.252993792824306,1,0,75532
34.858907826307025,97320.70897565396,33.54048236251438,56.12349904671072,1,0,76816
34.678850366582274,97311.0355921242,34.225259473213065,55.61679941562539,1,0,91902
34.84595049314786,97338.13963971833,33.9630909120666,56.667435639758004,1,0,40557
34.71934232444304,97350.82816014974,33.95951805515325,57.01195022835019,1,0,45634
34.107360030093844,97341.39751619744,33.897245293984454,57.36138773296193,1,0,99857
34.41819938185438,97334.23394238621,33.744672765833336,58.067379271322004,1,0,65076
34.656773733283515,97325.43092522316,33.96534070192462,56.912203869167534,1,0,121235
34.33709157714767,97317.88754550923,34.04267653077857,54.236548866820456,1,0,95758
34.87997861899886,97346.79126989488,33.375931292596334,55.58953181352321,1,0,107202
35.15922524970311,97347.97657432078,33.73837174879617,60.71457250290293,1,0,131320
35.0656285555092,97311.08405319964,33.823515908878925,57.38673659057259,1,0,79708
34.63596713872094,97358.11758467271,33.976851181708284,59.853930951217244,1,0,71765
35.14721784105499,97342.8810683134,34.257993301778136,58.39315112329878,1,0,115151
34.74460023716064,97355.26391967719,33.66847775562096,56.66270310733362,1,0,104285
34.59887420866459,97314.13808377273,33.75061144595465,56.75211060467167,1,0,83380
34.51597920093772,97313.78263766877,33.746239766806035,56.245129940184725,1,0,130743
34.60925909405356,97332.0354603535,33.65954172296863,53.69329307623025,1,0,82632
34.58354695443764,97341.81176640344,33.79584405146632,56.32707087870234,1,0,89983
34.75112486671265,97361.21541234391,34.13124066599639,58.11601182881329,1,0,89636
34.74817219431496,97344.86118370722,33.5838493513907,55.40054000776819,1,0,60962
34.700913806046024,97330.62978084783,34.02834431854587,56.91792949859271,1,0,91327
34.83108145092391,97318.87446188502,33.389429330994496,57.57738656883979,1,0,130902
35.057193882435904,97352.7200085908,33.73159860106734,54.93547934103128,1,0,102349
34.9848662406324,97319.79941861374,33.801153209934604,55.6230457034845,1,0,89931
34.25453060946503,97358.69702832159,34.402457901874214,54.773132764284256,1,0,84146
33.933823659529416,97330.0042302559,33.81755930857419,55.06675158996589,1,0,98926
34.98029597337179,97358.12873108927,33.239626957964724,54.36859207452041,1,0,111492
34.289936390475376,97344.4539693509,33.30033332794162,54.949327307932954,1,0,107277
34.632570379432195,97332.21506765837,33.910208875904004,58.429183521196755,1,0,79044
34.348966092182195,97326.47905442261,34.084131256736974,54.92678445636456,1,0,98743
34.159405868726,97329.15638183981,34.01263675728818,56.489688828591035,1,0,103398
34.86243881846144,97340.69475038564,33.95027103174029,55.54569686949356,1,0,58784
34.927746548090795,97335.42734744327,34.2486778792517,58.06829890555541,1,0,94046
34.527046879781985,97325.36282887898,33.73812263377886,58.26674344490542,1,0,24160
33.92268731235653,97331.78552884524,34.16847316680805,57.59610497320842,1,0,103476
34.53612666552426,97335.4486554458,33.410395534492075,56.75920182965413,1,0,108810
34.81754120162077,97302.33898858378,33.62851565011858,55.95341069473865,1,0,111426
34.25632652936776,97341.14252172183,33.35788758152045,54.51218794371312,1,0,77148
34.75500797593375,97319.57418162926,33.817546409799064,59.21529332168329,1,0,98271
34.6954070452481,97316.97001395191,33.88612163482009,55.16049047337117,1,0,131718
34.87378744988033,97308.95983479335,33.93423044766796,57.29546952054926,1,0,131413
34.73587411052425,97307.36161253198,33.91856500586614,57.889348358935095,1,0,88124
34.408079317735535,97313.93828745332,33.62173400075648,55.467079254642,1,0,93179
35.05897145049935,97323.63468563555,33.84292774667603,57.85701879097394,1,0,122327
34.652441128091915,97363.56888706291,33.45076599941827,57.44631980500828,1,0,43975
34.69180863814702,97326.38180486158,34.30896869253967,58.89194575307265,1,0,79307
34.42001961227805,97336.93625159403,33.8089121781306,55.59598030035993,1,0,129067
34.56701532464255,97340.2772207976,33.75333416428689,54.37120397408042,1,0,118256
34.43455918579193,97336.23597779324,34.37668209853322,55.54176536683323,1,0,100077
34.648116182022974,97333.10834808911,33.52732603993523,56.613280313801496,1,0,43825
35.21351254404271,97316.34059354602,33.56232386579041,56.387319090627585,1,0,87502
34.288429657120595,97356.0339132242,33.57113390253943,55.709843155588175,1,0,71302
34.21593158063698,97361.37794965458,33.879638585490156,53.436203811534135,1,0,98931
35.14135109824809,97309.03011958816,34.02948948889128,57.00572449419366,1,0,64719
34.63720289685444,97318.90957113671,34.12190264043535,59.2585167186233,1,0,58228
34.49927817840203,97330.07284486435,34.67159859524849,56.9963768571845,1,0,27054
35.01197140621883,97319.80193307635,33.22517026373977,57.21370327858027,1,0,125654
34.51831533807894,97341.85948330184,34.08262067673732,57.15866795923265,1,0,77006
35.24780291406408,97323.34591696391,33.73286082822833,56.8955700048236,1,0,93714
34.903377761401785,97366.74584101711,33.72407545533336,57.69749895030214,1,0,88932
34.553626577556294,97352.12822891516,33.714068361523836,56.893060521778494,1,0,56976
35.34719246397965,97337.4586104595,33.627369098757605,55.830984245520085,1,0,51228
34.518285523099,97349.6747939498,34.40535745038103,55.106016634986865,1,0,58840
34.922628611602796,97350.85850636536,34.15268919810417,55.926539517078986,1,0,67304
34.78978777412195,97325.81078767913,33.90695879356721,56.771194244675996,1,0,99998
35.09052238681964,97322.02674133188,34.3053047257461,55.82587555831554,1,0,65128
35.16845335901806,97335.44214594454,33.446241310410336,56.77150802469714,1,0,141394
34.709601244719735,97347.19454186747,33.500788460600724,56.958725200550624,1,0,119814
34.473974638896145,97336.3559059798,33.24660968034159,57.54976914690527,1,0,113250
34.83799164288174,97310.61505276714,33.690175637963016,58.22419245325847,1,0,85410
34.49668538907437,97322.22763334074,33.94850955801142,56.41701112771828,1,0,134428
35.30401617425799,97333.16040704609,33.9308575733797,54.3383351522785,1,0,82459
34.74096059932482,97333.13501593511,33.944802573317965,55.78234385477121,1,0,88062
34.590403534606374,97363.85813265185,33.47668295068017,56.366093851109895,1,0,94099
34.75540409175947,97313.48018086402,34.140946422784204,53.546346865734364,1,0,110054
34.29586211314109,97341.85383862755,33.9718882554717,58.38299678015372,1,0,108107
34.408515788446806,97356.60669662493,34.119916284439796,56.51356686876569,1,0,74746
35.06012417238333,97368.34174618135,33.33217134672298,56.87202925187042,1,0,73010
34.50293171630858,97328.20403865224,33.99344725763934,58.3482896937894,1,0,108197
34.38592670519542,97341.64144179081,33.54367042802474,55.35478575478648,1,0,110457
34.86099582575819,97342.81640535798,33.78080302423459,57.161062896326044,1,0,77199
35.0557112463989,97337.2022259733,34.06030946959091,56.1352038153471,1,0,41384
34.915685993199524,97332.78732198142,33.92732808187677,56.023869699476116,1,0,82780
34.998814305741746,97340.8096308425,33.644538006066206,55.141711418293426,1,0,107705
34.472961473429166,97296.28630872171,33.901881946855326,58.79840482052979,1,0,143162
34.27345679997745,97344.50104235094,33.440539405426904,55.73674993988664,1,0,53061
35.15040009558665,97336.16266855493,34.24508021876949,57.34919637034355,1,0,76202
34.603196048347364,97330.93287654834,33.83841479415112,53.487488918792096,1,0,77317
34.62475009506349,97364.9729329358,34.235564983276596,58.069982794534674,1,0,129674
35.09845824255472,97324.14598971815,33.74204049387119,57.878316733935584,1,0,87951
34.8668690028202,97328.22386016403,33.742927203478025,56.446151165445954,1,0,61780
34.83676633162449,97364.14329953307,33.67074396400864,55.95958630079311,1,0,105760
35.349500703470326,97321.78908042726,34.16285217950792,56.90000000842035,1,0,76860
34.50694453088596,97326.01827075596,33.687170652801456,59.73318599132043,1,0,52268
34.978352038424376,97332.06461864854,34.093378629724555,53.65514495164477,1,0,62216
34.717103937469126,97346.88101723195,33.78526428069921,57.47304108136119,1,0,141021
34.78057768365898,97337.3870376103,33.30721101003251,54.93257404676914,1,0,100526
35.15854052792376,97314.88061979272,33.72890577966406,56.2701224055504,1,0,92232
34.85235072688689,97326.28747155309,33.54626753569114,55.928179821382,1,0,81503
34.86148882371489,97325.15968350183,33.9101708171047,55.657522613303364,1,0,97764
35.021752201192946,97333.11168432166,33.54287767929765,56.284302306420905,1,0,97407
34.59051418113714,97340.65765487945,34.17779253021438,54.59874328208331,1,0,97765
34.4482370997983,97340.54308633832,33.87267724189409,57.84377065419195,1,0,92445
34.386557241793696,97307.62982368928,33.84672120157238,53.6087847332021,1,0,115063
34.110093023187204,97350.22911481341,34.09676764133627,57.10964676924251,1,0,89693
35.3168621389821,97338.05853268996,34.189172080222754,55.81019622119814,1,0,59661
34.369037490283496,97355.03798071391,33.893970374469106,54.54361265928882,1,0,70627
34.63362391292427,97340.93297490936,33.66863991013521,56.60357505589804,1,0,29629
34.61695601003333,97350.78984436604,33.36780911516636,53.96457336994028,1,0,149804
34.79222200934273,97341.26817967175,33.69418507288945,56.35957073257945,1,0,114882
34.94472116376179,97354.46338634305,33.71483632600561,54.16568463828266,1,0,64097
34.95814204650792,97342.10375954027,33.932117235897685,56.991908126476744,1,0,80544
34.52507676842932,97332.80127130337,33.79645593565859,54.91346399955443,1,0,69893
34.64986348586408,97368.3565208067,34.106379891615425,55.62350897445603,1,0,135276
34.784773985146494,97347.6055568342,33.71610501861879,56.74092408191474,1,0,46403
34.62539266214494,97342.87616631507,33.88288764994412,55.14118683223664,1,0,92434
35.182203672806,97315.12543375193,34.255196232959065,56.21305400049754,1,0,85744
34.84729248549148,97314.94538573806,34.002547564186486,54.029254248132716,1,0,113805
34.92046333581495,97338.66073223214,33.88198873749343,57.24631340539423,1,0,85879
34.89886438060023,97336.45281796652,33.719416667419445,58.947370708326154,1,0,36253
35.0520421572456,97325.05816152488,33.7100305809855,60.48831330186494,1,0,81466
34.754306467611116,97336.38474049419,33.64481602411441,56.436752219999654,1,0,59835
34.31095041561325,97358.09940392066,33.73769794026513,57.48230621119578,1,0,91387
34.8199063855258,97344.70103711826,34.12669975162329,53.62906149063876,1,0,132025
34.504592931862454,97317.15487235371,33.83343351861232,58.55410148945838,1,0,36817
34.54141499547507,97332.59736759285,33.49506807918563,57.46434275708616,1,0,64993
34.87590920562653,97322.19550278722,34.430450787917934,55.57409983257315,1,0,72419
35.07148492143009,97328.45450125387,33.99598955734355,58.15577120043351,1,0,77551
34.70638147302082,97328.06576501556,33.47791697984605,55.918285885031985,1,0,111203
34.79264990377969,97327.10531626095,33.76744532182775,55.612962225478164,1,0,83793
35.21066448339057,97315.4429694204,33.933265914848526,57.01300238814123,1,0,101474
34.77222595384657,97332.35517977724,34.41137762798921,54.70496825025452,1,0,70226
35.48050493425412,97325.8608854473,33.56756626252234,57.83243714659992,1,0,95897
34.86965289368947,97290.32826964997,34.19281221580678,54.71601528210973,1,0,112333
34.17177117225326,97365.06458036753,34.3198459280917,54.724917815265215,1,0,67031
34.92600248633136,97350.60154481325,33.711403708477626,54.9354653173875,1,0,112440
34.81434751546484,97328.62548912613,33.81674591434193,57.43925005627418,1,0,90571
35.08692582622483,97334.55228574612,33.58910722578787,55.37483695772043,1,0,120363
34.90195440538099,97316.69518479024,33.83896165767591,54.27800632344925,1,0,82957
34.65846320480487,97359.70584316716,33.88902300769712,55.3914800000963,1,0,100437
34.33271052911319,97362.7293304216,34.09789499942471,56.25193644397927,1,0,87781
34.6372930228142,97336.6204059237,34.22705504130613,54.52854127450342,1,0,86113
34.44484386373721,97349.62295966278,33.6755711806135,54.572478336448484,1,0,96767
34.52584296505859,97336.89930168401,33.3098024807322,59.46694450114937,1,0,105104
34.876573521326186,97314.21911841686,33.89362656621713,55.009151894279164,1,0,51513
35.20097135130543,97328.09264946554,33.98806125899059,55.815436446840486,1,0,132009
34.818401458946894,97336.24891950158,33.97482530630551,55.749144498801066,1,0,33210
34.34123508138945,97327.45178421885,33.80199802574729,55.667964788344335,1,0,68455
34.833380800466045,97330.99020083848,33.93742562989918,57.23202010995365,1,0,86171
35.058989445993696,97332.89900663737,34.35463344250567,57.722214425708074,1,0,101370
34.51706512870419,97333.05682253202,34.014520250688754,55.84106835270261,1,0,136285
34.65979484999813,97335.05387735747,33.78798947249907,54.44528257011147,1,0,33251
34.70440645841876,97318.36092400405,33.7499406548712,58.21166034177335,1,0,73769
34.464530506075334,97323.51475776309,33.84904429269668,56.156988363204974,1,0,25194
34.89448413015316,97315.0012360145,34.39102198854919,58.89548272228575,1,0,89948
34.66371555541767,97348.93723324529,33.84500978714214,52.93162115365225,1,0,97150
34.82585973317211,97302.6852958724,33.89406169664379,56.593104831924975,1,0,136723
34.433752346659375,97351.57385514976,33.75530592871911,59.17790950081431,1,0,92619
34.56876250990298,97355.06524095895,34.229695007232586,55.77010379684276,1,0,120320
34.91671440734834,97329.73729119527,34.4879511764234,55.961759864998044,1,0,106515
34.58815005437247,97295.22294368259,34.03518391482942,56.743267537385506,1,0,75942
35.21808915537002,97328.85034157049,33.92483187113562,55.461806271672565,1,0,46731
34.58010914431562,97333.30723758067,33.911034849952266,55.8318921019209,1,0,97250
34.76740541772557,97319.11102670107,33.184707963364275,55.79327735871289,1,0,44236
34.97977724956193,97326.54172409288,34.12354525928544,55.358868898360434,1,0,127856
34.27449028012009,97357.22292798295,33.94024992479875,58.14328482530084,1,0,84138
34.17175735640577,97344.24390743453,34.028502615198214,56.99161704844465,1,0,124855
34.24230310562898,97320.40153828434,33.68656134177489,56.67594234815495,1,0,74593
35.07877523102816,97310.30601245607,33.78466293630687,57.51285651033517,1,0,97065
34.53444255623227,97329.36474023586,33.77669251904905,55.903466250194796,1,0,95280
35.46745978570048,97331.06814830974,34.20648689522191,55.138694272470644,1,0,87648
34.530725720402785,97341.71298781046,33.78637204901907,55.396063543078164,1,0,76020
34.75536539095911,97326.2402493115,34.524798096632935,56.30267456165691,1,0,100773
35.162632985770365,97341.94249363043,34.02925872570451,54.71118243744064,1,0,61215
35.30182786644774,97363.2973106009,33.51729520200128,55.54960847511998,1,0,52716
35.318451072990925,97346.50251533667,33.861436112024414,55.525825037192845,1,0,126284
35.062509869177944,97333.54867239004,33.70449746335307,59.48683434474352,1,0,110815
35.007218757743445,97331.5227429342,33.241685259053995,52.13927759009912,1,0,90976
34.87775808476036,97328.91990298731,34.379841282034135,56.030570417891546,1,0,138954
34.933508322849995,97351.97961368678,34.110942762666,58.888540689222154,1,0,80967
34.53464428510144,97324.86029831074,34.05996219536979,56.48276669619868,1,0,128681
34.45454033497331,97334.948340635,33.94962109808991,57.43012621013164,1,0,94267
34.698987662776716,97335.03796852822,33.48539472939227,56.44973947264965,1,0,58257
34.64894461324253,97326.74323710783,33.75491485813337,55.29899992817528,1,0,144441
34.56403158520182,97313.68301678174,34.1525342324352,52.937126098236625,1,0,118721
34.90891623423702,97339.11461755427,33.584633991065246,56.60818353055445,1,0,85369
34.98659156257116,97333.35494042217,33.14046920512475,55.13659009309641,1,0,110815
34.72652206588756,97341.77360704156,33.83186819766572,55.09949689075204,1,0,76888
35.143259024316585,97326.26599540342,33.85747273379174,55.55151911603133,1,0,113874
34.35749326575995,97352.5823194822,33.94066902492441,58.91729210993524,1,0,20000
34.641902162216084,97321.11839328182,34.11855559305436,59.907256313380955,1,0,58405
34.48495330381916,97359.95060426027,34.09128174366936,56.6258119062926,1,0,118377
34.140039014878084,97308.05545235258,33.977630941573175,55.60284916413241,1,0,81510
34.675195794247195,97340.79155096835,34.25865941642601,54.534160373823184,1,0,95226
34.663475747485016,97341.4014602379,33.444309065756,57.0028102423191,1,0,48596
35.15403492297264,97322.33664398089,34.05137454434322,58.974358400097714,1,0,144436
34.88924350536644,97340.63590906792,34.08796150900108,55.92898941946226,1,0,124715
34.39274395270124,97353.46278004641,33.52813131417593,52.73150593887016,1,0,82979
35.256227769900256,97301.01771740969,33.44913881739528,57.30507450772328,1,0,76859
35.06631010865761,97341.81117211237,33.676217362057315,57.77809956717507,1,0,119888
34.874629311040586,97296.87093769506,33.70153756724541,53.92123153942123,1,0,148474
34.63205477034505,97319.78502794716,34.126025839050726,56.56472627549443,1,0,117612
34.41216822898296,97358.70749547351,33.71563836489267,56.976839024204146,1,0,154154
34.58833796717869,97325.54326949912,33.64309544451564,56.19033904698659,1,0,61329
35.02662458591126,97316.66180053387,33.71650987899163,55.11384362137197,1,0,64418
35.26537589178039,97331.30093406524,34.235589700246265,57.82390583534533,1,0,53331
35.16297305848166,97365.28859507246,33.90391301231308,55.69493038104697,1,0,102252
34.55334517346412,97306.79476629192,33.84622469239292,54.0722207559501,1,0,94268
34.3641147700133,97318.50035132542,33.866998350389686,53.225788271495475,1,0,84441
34.74226587407336,97356.7314752477,34.287618100297955,58.191274279998964,1,0,113277
34.169468190331145,97362.13553515307,33.67524848201903,57.22499596470667,1,0,125969
34.79695031425544,97332.71853163565,34.29465248728203,56.43196032069375,1,0,43230
34.6557192241104,97315.68420946211,33.96314888967645,55.639588044723794,1,0,71090
34.56018904943953,97365.70765252714,33.8518741854074,55.50650237869531,1,0,113604
34.221589079819964,97358.18663587625,34.65027014938028,54.68639502733758,1,0,74967
34.854080031970916,97344.45420481644,33.58330815306042,55.65281653316017,1,0,65053
34.540189748101426,97322.08396476594,33.7938942721299,53.119869177319735,1,0,119556
34.349024949286914,97333.53455988743,33.5302706282508,55.195904519797224,1,0,50314
33.83832133601551,97331.86459878433,34.18573859116085,55.83359372547336,1,0,79952
34.69174552848481,97339.23276956924,34.406756680095505,57.21482007078563,1,0,98859
35.23167547900093,97356.03502157198,34.40097683442139,56.240110304939954,1,0,71785
35.198377764364366,97347.46125561706,34.2671846259438,57.49238467081334,1,0,112494
34.562871123024124,97318.10935884523,33.84071385966121,58.32370265767014,1,0,71933
34.51933638189147,97354.9174467503,33.79042770675304,57.88725514073615,1,0,131258
34.84063227682251,97338.9669821002,33.39864906825178,57.00576477106783,1,0,85227
34.40048436824352,97344.57598693788,34.51076206055453,56.317794018771174,1,0,109138
34.79053756994584,97356.26811288919,34.04069342344454,54.82881798737966,1,0,111380
34.92982408351541,97317.5962962573,33.75241292853915,57.40991607706897,1,0,70173
35.068079967165296,97333.73261631941,34.29841706669609,58.81962107333229,1,0,27395
34.669953777056016,97326.29818172961,33.608170644972,56.81315905947562,1,0,99822
34.63889787494691,97310.75210861952,34.0219866102668,59.17588872263918,1,0,91168
34.43660522397303,97339.47064966407,33.84821125971275,54.01164243790837,1,0,105674
34.45193589378805,97371.94334827377,34.091603141964086,54.568754922830685,1,0,82204
34.63205633242954,97306.66883383242,33.88092793824416,57.58280226162239,1,0,76087
34.810209652044854,97333.78579083426,33.46472163266663,56.69643531522988,1,0,149254
34.97407538786998,97343.87814402612,33.92267291180101,58.270673264857706,1,0,44829
34.4590463147959,97336.11617302484,34.214659242562604,56.27679253890989,1,0,111018
35.14780657068786,97332.57307921226,33.8912350782438,54.9980368662075,1,0,71761
34.61866291968723,97314.78175454831,34.132534536476726,55.979610136692436,1,0,78926
34.693589811695475,97337.76180114411,33.586341154297784,54.0009740436144,1,0,79486
34.47583649625565,97322.91854034476,33.892121762019045,54.60711399035444,1,0,64896
33.97272792191812,97301.42117442533,33.712646863473424,57.75866599687701,1,0,106136
34.965213618908315,97352.18888330771,34.12409425203141,57.60918112170441,1,0,130719
34.92105316912773,97348.64578729763,33.9094474686786,56.84450642720911,1,0,103100
34.61560173286454,97335.04491465277,34.107022102900984,53.718383718559295,1,0,92101
34.72009721516746,97337.70612032308,34.226313127847355,55.76239463673066,1,0,59406
34.85478176531123,97350.38477019074,34.10748557253641,54.46250016700992,1,0,104504
34.23123624293404,97337.63509485168,33.98193553028809,58.06479988068165,1,0,153690
34.54128419679611,97347.83026332142,33.60053632244658,55.42441679965609,1,0,77579
34.938279403886554,97329.8077669869,33.89916416679993,54.67137843382767,1,0,77720
34.32371317304923,97353.94975607861,33.74007287939525,56.344694247682135,1,0,72167
34.788067379649995,97339.081785889,33.79678081298873,55.33976831474808,1,0,74317
34.29302545861298,97337.18077915409,33.78763975477492,58.52561586530556,1,0,20000
34.83992899473006,97315.21908366932,33.60602232756533,55.197783653698714,1,0,101151
34.689307555310755,97338.57433781453,33.3127984232598,54.20115761116305,1,0,63633
34.21546045522835,97321.7906762376,33.69955708550167,53.07062972636373,1,0,40692
35.04942180633716,97324.69575910208,33.95801383557725,56.253820246379874,1,0,111595
34.47962252696059,97322.03936557526,33.49554688637175,55.45710482921311,1,0,56539
34.45692426889569,97318.27647602152,33.904704670941484,54.15664309023241,1,0,78839
34.760170759169284,97366.14157104526,34.47008052729329,58.083839691883675,1,0,132993
35.04459120482862,97354.24008592984,34.20691696657567,57.30086772114386,1,0,46723
34.395253454306484,97363.07551253217,34.39306245273616,56.25767318159415,1,0,43022
34.71850395495439,97315.92657470667,34.017338363079816,58.3464893662563,1,0,97079
34.828644950099175,97335.33880624866,34.250252946895934,57.29380405009792,1,0,123484
34.90793168217895,97314.86738562194,33.68281058085966,55.06571614772235,1,0,41769
34.75293246658317,97323.83457684205,33.7066979198934,54.741169754013846,1,0,101230
34.58989164827501,97320.49809524875,33.07825793815876,57.52697231668079,1,0,106429
34.451722933805385,97352.86376009663,34.25584364221269,56.894550434701024,1,0,27225
34.72584316491392,97328.32655482848,34.362097193945964,56.55462165195599,1,0,112955
34.37835829640432,97350.29569000541,33.73404682639582,55.03025329569664,1,0,115298
33.82359485495162,97343.33181334383,33.82381448808083,57.211921350508625,1,0,79646
34.8309679412473,97368.82458128157,33.67384136589271,55.166751675299075,1,0,126570
34.97118045232586,97312.0783366529,34.01479606544325,56.14702001810948,1,0,123093
33.99112026933745,97353.15849859681,34.23747976359097,58.470416219580464,1,0,92093
34.39708078858702,97351.46661305602,33.37716840783568,55.308748646284776,1,0,75456
34.88574627830156,97319.6693174296,34.022831559192674,53.940516114390704,1,0,59815
35.31724864091351,97349.3770000471,33.81699846848426,54.72117921219483,1,0,87873
34.70623811230263,97339.3121744454,33.93401831759,57.79144824003143,1,0,106092
34.48159911763126,97330.8578561007,34.037698200502284,56.68209670607031,1,0,79274
34.64513106766855,97321.91096769542,33.843539268368154,56.10668393196687,1,0,23074
35.11246292574446,97323.48335822826,33.86892394397827,55.53635929203264,1,0,127061
34.506210746262646,97365.0171814368,33.83583744973361,57.02803986132978,1,0,94706
34.46024239800493,97334.28024228437,34.19109486053648,55.02634272351466,1,0,77611
34.555176943345394,97346.00195002298,34.025627988038245,56.75849835296389,1,0,114714
34.41400141752239,97322.406509275,33.96617506132121,55.20311814678056,1,0,134739
34.736801094798444,97322.57220580667,33.51871448367231,54.95351092208742,1,0,20000
35.187403537540874,97350.49977213875,33.786426077036054,55.343768847762476,1,0,102027
34.79692378193481,97314.02635682673,34.16960074810175,55.736888830274054,1,0,46200
34.62429394936212,97328.04179348143,33.911308971937174,56.226755246099444,1,0,103973
34.61245661932534,97334.78041116608,34.09785944087674,56.653183692666666,1,0,92837
34.23104275739101,97335.94058902761,34.42995354009829,50.76745206285733,1,0,108071
34.96493293314415,97331.58360072476,34.211581820762646,55.08852416337985,1,0,74022
34.67664884089616,97340.20729671644,33.92794750130992,55.71264503396594,1,0,32802
34.64585602592282,97344.66283633727,33.74670324894128,58.55759305791249,1,0,75488
35.65793227035346,97345.2895631819,33.13393512118323,54.6799960874268,1,0,101205
34.78962587250971,97319.48294286999,33.84948452325814,56.54419492714987,1,0,119461
34.47446268497145,97330.00767353107,33.80219625125494,58.542545464603755,1,0,53845
34.57209272113834,97352.19144292816,34.01710985831861,54.330547205079085,1,0,119811
35.044533712759026,97347.68970781361,33.853828431907594,56.890962838796604,1,0,69563
34.733981123161335,97313.67710822778,33.80388448216896,55.096592249098215,1,0,99873
34.26851660650479,97339.54219850528,33.36618032084783,55.543049386566146,1,0,73703
34.97576868037256,97304.59662125938,33.61800965125498,55.09533374907002,1,0,94465
34.4995567743383,97334.97402353091,34.042995312240166,55.202214037376166,1,0,115756
35.26198933286527,97362.73650525119,34.41477228933981,60.38286822185974,1,0,52189
35.0240144197144,97320.05160924097,33.87074238487631,57.5666838081075,1,0,68602
34.56580343130238,97321.75515431762,33.99834332207224,57.95260679267931,1,0,94548
35.08430490852054,97345.7304467236,34.18574344708584,57.03799023025474,1,0,160000
34.72035665315823,97311.12797727186,33.65673181913992,53.89061481739706,1,0,63104
34.95583210253667,97324.77867455172,34.01004421298563,56.89243695548496,1,0,150204
34.845419845188346,97343.21661706374,33.67785296810035,57.909394421761014,1,0,149132
34.44609300350274,97324.75571228466,34.159447331547305,55.01990078894133,1,0,86080
34.50693505030476,97330.73045019184,33.945420914385515,57.74799000074169,1,0,80055
35.00898824527435,97345.43278565473,33.98953554419443,57.35650431478111,1,0,68238
34.59956740036804,97340.59319125305,33.665220420774425,59.078060067220505,1,0,86953
34.578905461027404,97338.27227594443,34.112109707883235,55.67332548122957,1,0,46798
34.4134632261952,97329.18316581096,34.525413876369306,54.65358352658641,1,0,86712
34.82707971967804,97339.82091672903,33.597626491371535,55.75755783594118,1,0,133906
35.31875747577295,97332.41400979851,33.798072297705744,58.45335648974543,1,0,70667
34.37974012572372,97341.1370841489,33.96948224225043,53.55739117873705,1,0,81778
34.70726583700183,97326.81601962323,34.135921863598746,53.19743642685345,1,0,37965
35.12366616662463,97331.53146538431,33.73213611441316,56.43409291839742,1,0,100221
34.67610758262629,97319.42063311172,33.050090912957174,55.636116060838766,1,0,96934
34.835711538874925,97333.74488584991,34.307756848249205,56.31159183976352,1,0,90911
34.38128194155594,97322.10498704558,34.128151835875244,57.717967656853794,1,0,82495
34.8284921291623,97317.55930324757,33.377115740854,55.47114598082172,1,0,80217
34.64385672049864,97338.14991721783,33.71772936246613,53.49049125360406,1,0,104057
34.995718998703964,97337.46109663787,34.3704547288582,59.36672233579991,1,0,88135
35.05621581546943,97346.01310602423,34.33433892553736,54.80415756884183,1,0,98449
35.47686909260559,97327.80311645637,34.18159200680368,54.711444316981854,1,0,95449
34.873889951964074,97340.39079270256,33.84716626981204,57.955580020583895,1,0,122702
34.79773889497465,97342.53196358412,33.92489622564375,55.72326631843772,1,0,109309
34.758315290473206,97340.94160711748,33.86072225846216,56.20491522194778,1,0,94785
34.59405011215679,97321.88519475797,34.23847193498065,57.02418518609048,1,0,134552
34.80154515303851,97336.51045223407,33.63724727805147,57.92537465466499,1,0,101608
34.61137957695829,97339.73210444083,33.65826010353474,55.79980896022734,1,0,128148
34.75053829288089,97334.37767700362,34.2030823760508,58.57992800887145,1,0,107208
35.09527926068239,97302.97283512444,33.88669156334653,53.09630022689779,1,0,33742
34.39803723041611,97336.6773443596,34.31354020663614,57.439680855429614,1,0,128145
35.041963568338716,97367.45796559096,33.69854633790583,55.040708662973515,1,0,93055
35.09513452020196,97328.86941096865,33.88356649189835,58.358406974911986,1,0,87441
34.66457944190268,97323.34884353218,33.62327610454681,56.51306671824582,1,0,97440
34.06344353029743,97339.87022839568,33.90220880442707,55.290642001985894,1,0,78650
34.51765340387167,97338.955673157,33.45643591890036,57.294261639532444,1,0,95810
35.08909836396833,97352.16102748126,33.75370997371351,57.639782520810876,1,0,71243
34.69313958131034,97315.40197766137,33.46912384052156,57.26284118428796,1,0,127228
34.40020933031153,97345.24070378863,34.10817696995738,54.75545564055041,1,0,85592
34.54856752363154,97343.12633091878,34.114976801927895,55.57397431456687,1,0,77522
34.95218600795137,97332.1378019459,33.38092118085469,56.29389074431784,1,0,61252
34.86402007046042,97339.35030976882,34.30016572365017,56.23811052102491,1,0,97063
34.62832037024909,97349.71186222398,34.64922453792595,57.424618213157515,1,0,94613
34.589952676455596,97347.35473070043,33.9138019160209,53.277648151240086,1,0,100652
34.582472555286856,97317.1247103189,33.70766572193261,56.80149058183025,1,0,58182
34.42327694465045,97346.57237280134,34.74729917730091,55.86502796834504,1,0,40964
35.18461270684084,97333.29967092452,33.50430945050925,55.04224907542407,1,0,107767
34.603303859236604,97335.36311147024,33.90603194006073,55.1862698333456,1,0,133539
35.06514755624765,97335.36795486503,33.95388668178958,55.97819350322305,1,0,58209
35.15639481557674,97332.01635516803,34.303544286135725,50.89837234331072,1,0,136683
34.99949326944439,97352.1456124566,34.007921692538034,55.24806564381267,1,0,97517
34.57051390618459,97333.01423060226,33.75040983126346,54.98627776303056,1,0,88788
34.821119027100984,97317.47680807425,33.614644688883615,57.099174813983936,1,0,77073
34.69274131808273,97328.36705216047,33.79745345392616,55.09170997623421,1,0,47464
34.42888944178097,97336.95042075217,33.59792179171645,55.97732929974426,1,0,118631
34.797307784516484,97352.70822176446,33.9143475959354,58.61341494149195,1,0,65731
34.346288062652064,97343.31642027423,33.73074114604185,57.791527279723134,1,0,65605
35.056303816538474,97321.5119708188,33.45178866201307,57.65340709991518,1,0,118757
34.560614810810485,97371.54784875018,34.27654373651247,55.55019135438372,1,0,32510
34.76034789676186,97338.24162966467,33.75069824297129,57.114548418934476,1,0,43292
34.784986361463844,97353.40086106998,33.5195589585074,55.949153299319605,1,0,88455
34.62232850788878,97331.99428349634,33.84952225965374,56.00586018398459,1,0,97798
34.876008140442586,97342.27038867059,33.9205114697903,56.91452801561982,1,0,103542
34.55752890301324,97346.86202756778,33.37605998232629,55.404509617368596,1,0,79946
34.961389189237174,97352.54292067632,33.99949430013773,58.5395046566648,1,0,160000
34.29620609592598,97350.13052458067,33.58585272939292,56.05980479060309,1,0,82163
34.737913873863924,97347.3529550011,34.41330864275724,57.22754084938949,1,0,82076
35.28167869971749,97329.54369903209,34.05718815362302,58.483400718885946,1,0,65090
34.39990060261833,97325.69380937067,33.7800300029672,57.84748066186276,1,0,92717
34.49667650884255,97339.25911265487,33.676449668904795,54.18662134596421,1,0,107448
34.85417235489768,97348.26692108512,33.86850968773091,56.96734384251482,1,0,125107
34.75387453458188,97330.92918948835,34.08383722247498,57.576079091690964,1,0,44321
34.80518902978207,97350.24757948572,33.892351761424436,57.63779453324112,1,0,81620
34.8467561390443,97356.05925118229,33.83485235785894,54.63005774882805,1,0,102401
34.890416440568536,97320.5251862139,33.917511087245366,55.31444714447401,1,0,106611
35.03290995258687,97321.71618944306,33.71884232062891,57.79183735361243,1,0,89196
34.82294559707856,97332.16437411643,33.79703822194709,55.15735944397603,1,0,105272
34.62762270361444,97338.88419002284,33.2742622683285,55.85045591500353,1,0,64731
34.901772110360824,97326.40149479349,34.19211786925571,58.66381371425295,1,0,135737
35.26996458046857,97354.55304018302,33.98963933409653,56.22830112442281,1,0,118778
34.66020987608523,97340.63100292278,33.66796324678997,55.20983879324923,1,0,48652
34.40764120859881,97334.86170572361,34.46962049440657,54.98357396470564,1,0,56746
35.03212420078609,97312.73135714198,33.92610494411772,56.79907899437778,1,0,57592
34.663885650813924,97314.53276275359,33.58915692840744,54.30027798728418,1,0,109339
34.04819913619579,97338.48513875423,34.15702122644114,55.92899605415537,1,0,50458
34.95422650314513,97302.28106560768,34.019414464952774,56.79984580248503,1,0,79069
34.539401544213824,97349.45956114467,34.01837399564526,58.2487247308215,1,0,102641
34.67284001530876,97331.89769233442,33.77227331860452,57.30132212055499,1,0,87015
34.799594099170704,97382.91639454392,34.03514871713341,55.22890232302673,1,0,96766
34.75714990393372,97368.88874375925,33.82147251293367,58.067628976345574,1,0,57025
34.91283554514172,97331.54826396129,34.06678243549375,55.85072744367878,1,0,106845
34.56935408882905,97332.67494496204,33.328516663796805,54.44644546692589,1,0,70603
34.853931739452825,97349.20372271004,33.76983796110624,56.04193796110179,1,0,79261
34.62213599672483,97359.81758914878,34.41664652934246,58.45725380171855,1,0,96131
34.921643144266255,97309.69956413847,33.66987976337991,56.54786007509738,1,0,92092
34.884610245203916,97307.47436801968,33.71884851075204,56.31878279649467,1,0,89719
34.41936838938663,97324.93947791669,33.76561159846501,58.75581746705428,1,0,66481
35.02579463485251,97343.01106374762,33.5355581592334,54.15296772941836,1,0,80013
34.53921096646579,97341.72310385761,33.237515767131526,54.37160132892084,1,0,89065
34.942417339484344,97350.31657182476,33.830824080442916,53.876230293549746,1,0,47747
34.8101861940204,97316.27453707453,33.940757827224495,56.85897227972008,1,0,75124
35.25145510303854,97299.52784205547,33.884248479438405,56.54973969067268,1,0,100630
34.63296020528845,97347.14021292953,33.856536431415634,58.61410455091966,1,0,50676
34.59520496116454,97321.84705590553,33.912912261255116,56.66521261570515,1,0,123697
34.69417411823368,97303.99268203418,34.20685244146523,55.693764260781045,1,0,127088
34.60904606514972,97336.44595618939,33.84286614422123,56.30269230931716,1,0,51645
34.939982570582615,97346.16763532329,33.72777522687382,56.47656112769143,1,0,129728
34.21510681746903,97332.43914301819,33.81566235453357,53.792358090007745,1,0,84692
34.3838952742561,97327.40227420727,34.07380402792703,60.36549746650233,1,0,101555
34.379659123526245,97331.87956651782,34.32360806356297,57.07980652715286,1,0,74100
34.985092277592074,97328.711258564,33.71155687824925,56.61501246203388,1,0,116691
35.21318401177458,97314.0492933209,33.929680136108665,57.22274597641787,1,0,101182
34.66866523443876,97323.54978984514,34.001507232580785,57.36411647087991,1,0,64575
34.649353483043,97342.08919857521,33.60222659798135,56.08916977174635,1,0,54043
34.72101564893396,97339.09517812065,33.906125150163874,55.35313829563895,1,0,45190
35.04856349078246,97336.79089708951,33.46029784279737,57.19917602948255,1,0,94638
34.42179405974283,97319.3427727722,33.36928490887818,56.87856626079718,1,0,106174
34.771510694820435,97331.54745256797,34.01002392236767,55.08516485136588,1,0,108528
34.99255928893473,97301.61402430336,33.78483757760076,58.42855341705089,1,0,85460
34.85032825098196,97336.94714995829,33.96068412228637,56.74002805448447,1,0,54290
34.756874484979626,97355.7028656172,33.8946315068975,57.39472904340144,1,0,68537
35.00031382777014,97312.15801801937,33.60707998540086,58.38788133151988,1,0,123570
33.88903031210023,97325.48108490024,33.8864237094107,56.33283323174725,1,0,74461
34.90336259585928,97339.20660168065,33.530069608495545,56.77542801047617,1,0,93302
34.503777295061774,97353.06263951641,34.31729170740042,57.515040857759175,1,0,56730
34.150810130943064,97327.5466307555,33.49320889654201,55.21270837429992,1,0,99097
34.853360779857496,97323.88624506102,33.84126441870942,56.381077494269,1,0,75269
35.11209756354889,97304.73615286376,33.58731852358582,56.48832287997672,1,0,120401
34.65876544561169,97335.82157193962,34.071126352008235,54.86591217247491,1,0,112206
34.98586236416089,97364.90114060216,33.80057058861555,59.77645518301082,1,0,74128
35.1836834773966,97338.43037692948,33.744399984113635,54.189059834761395,1,0,85200
35.094474336075216,97333.93581531224,34.15596046351546,54.35284414446926,1,0,72466
35.19198935881142,97339.1012346615,33.908829177503264,58.27133986355537,1,0,46417
34.92263824732157,97334.10361994077,34.054993333780786,57.36989937619481,1,0,63276
34.72263009167048,97322.07478441611,33.60560221904476,54.76105277377883,1,0,94946
34.219410256430855,97346.61919873516,33.47855491682175,57.21093352265254,1,0,98757
34.626181253561015,97337.65642284667,33.93216238861204,58.50177566749596,1,0,93456
34.447026021405144,97334.53419877902,33.804346093351576,56.254605413604516,1,0,79948
35.35128281524935,97319.63950959084,34.08793040173618,60.19823435011187,1,0,116991
34.6472342562703,97353.82261897903,33.876027464201236,53.71390728369794,1,0,90906
34.73696144203535,97344.24054118,33.96152260177039,57.34073518078865,1,0,110097
34.865445612812145,97325.97618743949,33.41298524101762,58.0497925043315,1,0,35786
34.71308073391174,97349.29737280523,34.46653108188428,57.63701585240787,1,0,20000
35.20851531212923,97326.80643742422,33.85072740449039,55.99346641003152,1,0,97513
34.51320519147967,97322.53994761234,34.109276091101755,55.86433777698327,1,0,46257
34.75838223657117,97322.8744532378,33.649172498934114,56.96621775663088,1,0,82626
34.47725882429059,97307.70397170368,33.992402970665204,57.5236317299781,1,0,79937
34.303993246633794,97341.34313570628,33.509146570942576,57.20371015442354,1,0,136622
34.516469272728415,97306.80282682493,34.0356203514779,57.86008683619008,1,0,100999
34.68888896088548,97315.84334253102,33.79320777468425,54.77169506439989,1,0,93975
34.57120933264483,97303.13617986382,33.908757151180666,55.95834353131455,1,0,114109
34.49227370603785,97332.97895460814,34.10939220903903,54.88997610181437,1,0,100054
34.27810476089845,97332.01519309593,33.530237906633914,55.720830835870785,1,0,75269
34.675068328211395,97329.36955680221,33.69465248081616,57.82283133772145,1,0,121144
34.2485838877907,97318.63133457994,34.03719728432603,56.46197588108784,1,0,55707
34.928016789106884,97316.68649369845,34.529466442364026,60.21028874472465,1,0,98697
34.724731925880356,97341.2355479532,33.858575299601554,56.590109550784575,1,0,42572
34.26273455016052,97326.01172102438,34.07734083537718,56.3895378208696,1,0,95118
34.607237276885044,97339.01537482305,33.867908559042455,56.45927437916032,1,0,94789
34.47435307832283,97320.99126970815,34.48267367842689,55.343286960710095,1,0,139293
34.795752353125756,97336.98594114157,33.37583349991042,56.213245081433605,1,0,42050
35.10213513380695,97353.81917055974,33.92838631340081,57.99168204066746,1,0,70973
34.13744825910628,97343.0624870059,33.41233678993138,56.470956002191656,1,0,113680
34.73450782374423,97328.08379272676,33.148028528838985,55.10981040517479,1,0,99059
34.65196016133001,97338.12798455534,33.98923861593534,54.91237306928205,1,0,94409
34.901402022935144,97330.66002238206,33.941849338844236,55.624697162501235,1,0,60315
34.76395898847131,97334.38820277042,33.81454891867734,56.41079515161632,1,0,71275
34.474409200478355,97329.38583421777,33.868141772988075,58.09037980321439,1,0,126351
34.604283819300015,97331.80497191173,34.82948983022138,54.28926703795034,1,0,87454
34.46119224295896,97337.45140029612,33.82254745859057,55.82026058316686,1,0,100260
35.02280214157958,97319.36961950628,34.05303730837502,56.51646502915261,1,0,85544
34.706393494601585,97319.03181759515,33.70519055411584,53.549441348555845,1,0,53507
35.27035720572591,97313.44186169254,33.98856977251218,55.04960257555039,1,0,117014
34.681801755855616,97310.26593343244,33.828529897483314,55.280167190395716,1,0,104096
34.487477969926864,97316.01075961669,33.77684445518108,55.10604443922425,1,0,158169
34.245885682216155,97336.66193760207,34.4456695596601,56.58783431753247,1,0,58532
34.15905809712322,97320.87818726762,34.2531554889553,56.0591605857473,1,0,113677
34.22475921709836,97341.97421696347,33.94102399421977,55.467070846098444,1,0,49653
34.78013799530345,97334.79070623129,33.208736419216805,56.94194393982895,1,0,93720
34.85261750696898,97304.74243679843,33.79169723302423,58.884612076469374,1,0,118295
34.22564278939036,97344.09463376334,34.71090826932152,58.75888477511263,1,0,26835
34.96851149422284,97346.43197968388,33.830801500008086,53.41584234190649,1,0,82852
34.55508168449497,97319.36205987749,34.23096527161609,57.1656082757527,1,0,72103
34.74403790359567,97340.57287314344,34.332582720585776,56.03296506490424,1,0,67941
35.18366618847663,97321.42252643887,33.96568917475679,56.53273301429803,1,0,100556
34.969051794759665,97335.73505565122,33.647453510439554,55.70257544968617,1,0,122620
34.61944080562825,97315.30252389568,33.169406300465134,56.4763829448308,1,0,85001
34.432642332375416,97307.37340321198,34.105248962582685,56.52711109410802,1,0,95164
34.05445537960121,97328.52774215581,33.65557319915293,55.43157236397661,1,0,92429
34.484254004227274,97332.41406580587,33.95284513556631,54.95544867826223,1,0,89054
34.636660928351695,97328.30480459578,33.52505389812319,55.626956476070774,1,0,56319
34.40384614185465,97316.50954162667,33.82042873785894,56.65138889668515,1,0,122253
34.66062290987231,97328.27151406804,33.910115716470315,57.198494512526395,1,0,97855
34.72305556488763,97338.30942128871,33.980578074313286,57.58002346601022,1,0,100846
34.63254320545758,97333.59660454816,33.56555334379427,55.55871496539963,1,0,64804
34.50499922575297,97337.00751545899,34.25907328462841,56.7257668509541,1,0,75223
34.75059640159002,97324.21827199319,33.720931564580404,57.74375388792995,1,0,83715
34.832582194870824,97351.84576872074,33.39765916186403,58.04839234271619,1,0,42976
34.37288027676715,97316.62739995169,33.86729297401096,56.21175071880271,1,0,38358
35.123279713923885,97341.58340445631,33.91031259270794,55.96860241259058,1,0,70977
34.670423560314724,97351.9983663944,33.94817682995153,56.58668635075458,1,0,104675
34.70565488688346,97341.48362139123,34.30863972110552,54.57543879065389,1,0,69405
34.91246432697697,97331.23213659403,33.82906534897924,56.009585733446734,1,0,58435
34.76996483937906,97326.34554430006,33.864114112689364,57.416879597709695,1,0,64559
34.98594099017398,97349.8113147657,33.56904468563007,57.26292069416555,1,0,75339
34.786137249560554,97312.92537612109,34.14616605086637,55.89459859345416,1,0,78384
34.51626878760787,97319.7181360943,33.95529271922343,56.626577301630746,1,0,153965
34.80845105756183,97328.30663351763,33.77399168181175,55.063024489563965,1,0,120638
34.3568821378038,97352.83480636269,33.32859759196036,57.35523822233753,1,0,119743
34.73256791173296,97339.96651454062,34.33332365851653,56.183267845795285,1,0,124057
34.69003100280666,97319.74931362235,33.53169601066318,55.88607282245579,1,0,59035
34.637564942818244,97329.61538441923,33.72261659718909,55.75741424585992,1,0,52329
34.66143874656832,97325.05515283855,34.0075033533228,56.205659199650206,1,0,55793
34.13544528635071,97323.6231651165,33.54103262141499,55.62818353260206,1,0,129035
34.53538252767771,97348.95334337835,33.451947066524056,57.28721455400384,1,0,72584
34.72785347034234,97313.69385306105,33.262815725189796,55.707074677975726,1,0,51459
34.747956917599225,97358.40171283601,34.11629908587169,58.68944614404107,1,0,76070
34.391697457722216,97346.69344535278,33.7364441265821,58.49781575522207,1,0,81841
35.07971235225941,97350.63292505906,34.778181027742,54.96268476521824,1,0,97052
34.44014754553565,97327.32590731962,33.601693480310736,56.40455640414392,1,0,96528
34.99083716015802,97332.02088921382,33.62356469297132,55.3240150679957,1,0,64154
34.828158308561505,97312.77272278213,33.73038210891438,55.81002865521708,1,0,109569
34.50613180704686,97326.400063894,33.972940396541546,59.303641201467194,1,0,69824
35.23259326778285,97341.67482271465,33.75893899836441,55.8386428743263,1,0,84311
34.34190895047306,97353.71094592672,34.08369966420075,56.84033905561614,1,0,109603
34.975746252083006,97317.66264774797,33.606423483003404,57.11198194101242,1,0,69745
35.000174695412895,97328.78741094522,33.48552248446092,54.799055941275135,1,0,71919
34.498813937277006,97332.00051169652,33.36053557817726,55.01735678838619,1,0,106750
35.117739590019305,97313.33316196712,33.23292774961884,54.49096644288782,1,0,63268
34.62498604562032,97343.14023862638,33.74457929415748,54.97104389915333,1,0,77456
34.78660808878396,97323.41014502387,33.80970590628203,52.02495483602422,1,0,105672
34.77809655163137,97331.33914473235,33.710568891755045,57.11687360119044,1,0,150622
34.65970737755884,97327.49075942133,34.27302173915615,59.3812907618841,1,0,107162
34.94324248194794,97322.42992241422,34.26840906288244,56.52173110855479,1,0,103179
34.938046616165664,97334.16432521779,33.79955910376665,54.17559671098908,1,0,104924
34.17544040802855,97331.03585632148,33.36182366604241,55.335835425650075,1,0,56804
35.09130207286345,97328.69213176583,33.72998846758348,55.6116847324625,1,0,92467
34.2012524035893,97323.3430756748,33.72005358182488,54.77362283417993,1,0,88107
35.0097638613025,97339.06287006175,33.70285951131658,57.59027395759273,1,0,98647
35.03801154104828,97359.07425902739,33.69068432883053,57.515390066563,1,0,92495
34.37271007093544,97336.36830849259,33.703961131282554,54.566822309273505,1,0,100390
34.57675571361363,97349.21177322367,33.78403751523067,57.38762156667126,1,0,79655
34.368288599454225,97313.4166711227,33.70933767035533,58.590218995365895,1,0,90758
34.63552369091338,97336.63642158941,33.962496752587676,59.153837307844334,1,0,52165
34.60758971474428,97317.80947521544,34.008110614771454,60.59781803462894,1,0,79402
34.93389815968081,97312.11612608703,33.62680647384525,54.9470110258352,1,0,130725
35.09309262383589,97323.17942888812,34.28131959780211,60.536330639592805,1,0,98564
35.11870514323699,97352.1484900162,33.60598130944781,55.76869041723681,1,0,88372
34.531349592026515,97348.52023743004,33.414659815855394,55.411301816929225,1,0,145883
34.637233437876645,97337.91507083082,34.014233421409514,56.79060856231676,1,0,48174
34.19496854233372,97311.27949160166,33.65477755967569,55.42690799886048,1,0,55716
34.45823898005115,97331.32579022918,33.99638744122721,56.89856621096979,1,0,140381
34.98945548992924,97338.79550013354,33.17889941966984,54.319884218394044,1,0,90378
35.18467484706447,97336.90304344369,34.31773678244492,55.94187109690485,1,0,81722
34.329695338436025,97306.61309624779,34.10168802241212,58.228373351542515,1,0,53023
34.52226072225413,97320.9152322797,33.4498570352511,56.214408062853266,1,0,102430
34.692078272912326,97333.30883353777,33.45636686284611,56.512393680109824,1,0,105333
34.784048347645886,97342.31436364276,34.401679771229254,57.012887907075964,1,0,56165
34.457118944023506,97301.32808268351,33.67878602895061,58.055992443976486,1,0,84791
34.82721831333923,97331.8381403678,33.64974454538021,53.81716293171585,1,0,78934
34.55784819587873,97336.41573154819,33.22018437175522,57.17678607775615,1,0,96679
34.69566431873652,97347.01417982775,33.794766538319536,55.89779129113735,1,0,55422
34.86388527440111,97344.66286376356,33.83168411554927,56.54995684296775,1,0,126558
34.70192668094328,97343.00856978213,34.114647929030845,57.889925254643565,1,0,116474
34.56908423284203,97322.27089239948,33.480276471544656,54.50872002288223,1,0,78104
34.66711705882226,97305.64996794316,33.44391396232781,54.78103333783536,1,0,82507
34.6734911122384,97328.37420864408,34.03528879043294,53.39685506042929,1,0,84907
34.58899669103536,97349.29447737813,34.202019021368116,55.47626158735433,1,0,65650
34.62236118119987,97355.17181791287,33.42865429466463,58.29564851656822,1,0,75697
35.17959415115142,97344.92823653447,34.22445422588992,56.11911921728979,1,0,80891
34.86827583438237,97340.71011234203,33.91126255244605,54.28981265651782,1,0,137386
34.61135590459126,97339.9645947258,34.22754160172239,55.57148188313742,1,0,117398
34.90908632135322,97325.9282187986,33.87893389154471,54.06820744476406,1,0,117039
34.5998541530732,97332.3190955967,33.143316624753616,54.61222084740326,1,0,100097
35.05193739127599,97359.3060428874,33.85440978530519,56.88322836539557,1,0,55480
34.81089265765943,97320.13162991313,34.21804314560138,54.539190010540956,1,0,87755
34.667809356798735,97358.49168186066,33.63187619427488,57.96895145780495,1,0,118114
34.834315077743085,97329.43957768263,33.783610509327765,56.19331956375449,1,0,51252
34.22873715437945,97354.15148163644,33.8471599489347,56.42839205591679,1,0,108096
34.36196975932706,97313.16777485755,33.03014583603945,55.88244054858816,1,0,158678
34.34182249808028,97343.05856301748,34.40140427263124,57.459271757815586,1,0,120854
34.74288292842912,97323.2184479608,33.62958729603085,57.47473983166552,1,0,131420
35.21975449984553,97313.04099212114,34.05172062974184,56.802581527868256,1,0,95550
35.36939004385779,97337.54801063616,33.873989659155534,57.14718365886147,1,0,118037
34.89141533043223,97349.41207682894,34.277285716907805,55.98186549511936,1,0,67464
34.85025334248334,97321.5958784211,34.021816836728426,57.11330451036357,1,0,112875
34.159682679754184,97311.78476059313,33.82952271854371,55.79318333678928,1,0,108631
34.53719786007979,97332.89232853497,33.63194547224421,56.3033474332436,1,0,97697
34.46366487442753,97332.95847006835,34.13935521041464,55.888034375950554,1,0,128480
34.51374572052467,97342.49479441332,33.337967608813614,55.614172191021204,1,0,72836
34.64955685442457,97348.51391857048,34.09376712608277,55.266332303417315,1,0,83388
34.558372826690864,97333.37877228092,33.57028657453354,57.001535155788325,1,0,91863
34.106210056887264,97362.10254972192,34.27568509858699,58.26590886922019,1,0,58111
34.924373076835266,97337.63352116803,33.948389862798805,58.05665295750433,1,0,95807
34.37817709227806,97329.0736024099,34.09323713035503,54.415151996081846,1,0,37432
34.771774059233344,97310.09648961347,33.924596644147414,58.233804577110305,1,0,120408
35.32222480092499,97330.33010719526,33.3742868714577,55.8227622475731,1,0,90399
34.42418462252407,97329.22419581884,33.641781250981396,57.20109952271839,1,0,73373
33.940913743176104,97348.67457194423,34.101716801283416,54.94067700192918,1,0,63968
34.61419873343597,97341.20725436101,33.949996745207955,56.512969870811006,1,0,81962
35.03028789049957,97316.57946317551,34.2542969715917,56.77058477434536,1,0,109647
35.28750423626618,97336.85381579617,34.02098236891115,54.07309281212052,1,0,105432
34.331135121664275,97344.34296757594,33.6099894327892,57.212400749516284,1,0,67833
34.84900976697096,97357.19047039082,33.661180758683805,58.31890251175747,1,0,63618
34.56040686296598,97347.58255951121,33.93087521715697,56.038028081477556,1,0,108706
34.668215493708765,97345.68269981467,33.205786780199965,58.34025219624202,1,0,67329
35.493303004105115,97335.17128991924,34.402032565686895,56.01545975982138,1,0,90797
34.249108901481456,97340.09468008135,34.032524020913264,57.57437679656992,1,0,92712
34.77612189844837,97353.0125735106,34.26811037911466,52.97214505107335,1,0,98361
34.84030795152963,97314.2783390378,33.425818817757246,59.92816666897019,1,0,114748
35.02573589748181,97329.02841009175,34.27336954810657,58.543187367864434,1,0,51111
34.729394946041275,97322.68146876866,34.56944967330832,55.87306174361948,1,0,31665
34.79241516185123,97339.95729678089,33.5037364933868,53.34186646003427,1,0,71976
34.58250542977346,97352.72333263476,34.131420538471126,56.73204255245823,1,0,143045
34.78073808237353,97325.31538569918,33.90033298340619,54.13411167938936,1,0,149665
34.59704231735078,97298.41543448796,33.43666984552553,56.96728030633623,1,0,143935
34.88647156695682,97328.08668882464,34.04786519155556,56.91734857874642,1,0,83210
34.58911689918691,97347.97210598027,34.1500809614512,54.88789524649696,1,0,35536
34.81313011817066,97342.33444854425,33.719662034199345,57.981450535421565,1,0,20000
34.69122115589451,97340.69279371716,34.249774956076564,57.50836205420926,1,0,70578
35.037815075231656,97330.07010047189,33.39997097796324,57.763735005932844,1,0,83057
34.68458188292346,97315.08453895671,33.4515731560651,56.31328655550334,1,0,128018
34.16809025953794,97341.99941482437,33.940979218676624,54.17671389962943,1,0,115034
35.0785764502142,97321.75577284949,33.90761558339168,57.766808408316706,1,0,95822
34.42828030974122,97367.03145100072,33.68502795347277,55.89444290129631,1,0,62304
34.50387009840536,97342.82760812533,34.14287833079156,54.215329785211,1,0,60176
34.52130161178695,97325.5602754617,34.05926829426478,58.328059048961485,1,0,96623
35.11233142795125,97325.09922128917,34.1574417212802,59.44911128075376,1,0,109911
34.059297735806396,97332.8758369008,33.86305906939432,56.238127806531196,1,0,100756
35.641324560098,97330.67747116968,34.0807740803935,59.53868173190494,1,0,57962
35.016817042719815,97351.02250663296,33.766304909091,56.436972092917024,1,0,108520
34.766971674238754,97337.06624254616,34.516145607025976,55.729316143750474,1,0,101777
34.683531799815114,97323.29552391637,33.656236268963404,55.35431231872178,1,0,56880
34.7856662224573,97362.62661027734,34.53158922883749,58.75562361198911,1,0,65470
34.8563367285138,97335.00962497281,33.91046638412682,55.12978417791834,1,0,109654
34.89356467578502,97345.80259513954,33.48734673312938,57.402903964962476,1,0,81964
34.86668133980104,97325.14660238833,34.31042380514658,55.46125424741118,1,0,136674
34.72687420437658,97339.71673441617,33.93777041651849,55.609539856138454,1,0,104033
34.64079847390781,97338.93664986716,34.15533722951407,57.845374540954346,1,0,74401
34.65461801490395,97305.92526061856,34.267156775562775,55.72994473056597,1,0,88693
34.6415275158942,97364.49912665691,34.001386666243505,55.69280693086956,1,0,90901
35.04013102906012,97353.62966691384,33.722327746556154,57.999207045762205,1,0,67148
34.87806701668426,97328.31207025782,34.19271401330077,58.69609593983243,1,0,61622
33.81788340960072,97317.73595389316,33.90022665223638,57.267034704926346,1,0,110041
34.89677023295893,97339.48342420705,34.105757345582525,55.317845336564076,1,0,114358
34.75842085841563,97335.57046549123,33.25388082786256,55.53408725105363,1,0,107113
34.694387373066235,97339.60503422846,34.03409451510296,56.419872895610055,1,0,134459
34.58344446407334,97337.14366094292,33.70842425245649,56.78139509288848,1,0,72746
35.037233815995805,97341.86361483959,34.395992891153554,54.81820113479034,1,0,139228
34.98425793863686,97355.97958549089,34.086926204366726,57.38455690936979,1,0,61972
34.46813669965292,97342.79154807693,33.971957323754786,56.4282699944594,1,0,58619
34.822115686137366,97318.52516751636,34.045892998005066,53.7264375220428,1,0,36201
34.40850297963762,97354.7084427907,33.600467744136985,54.9066102763089,1,0,75626
34.286114550563326,97358.87921845233,34.386977007158414,55.5438069895225,1,0,73888
34.511984832623014,97381.55085101769,34.49741112552507,56.190713466738416,1,0,104778
34.95871804171483,97317.4175895014,34.01787405316446,59.133918193255994,1,0,96316
34.98593751361283,97337.91323019726,34.37712107057209,56.65725695920944,1,0,53210
34.85392562602919,97303.03851945217,33.72925554039824,55.03884216515206,1,0,77218
34.9175287360544,97342.56723734569,33.6608659301325,56.63094620646074,1,0,77856
34.85485348613449,97326.0469955275,33.91227742461867,55.77186837881918,1,0,35720
34.50755552143312,97363.12168692237,34.03048231151037,56.78713735930031,1,0,59571
34.82957676340219,97322.65077544973,33.781803995627065,57.17085153055342,1,0,65875
34.940122857568305,97308.93225443049,34.06133045711054,58.113845970835904,1,0,132008
34.926287398944076,97327.20104388946,33.991916844622025,56.26357025649496,1,0,94743
35.0566740114424,97304.63768343175,33.60050796741268,58.75844079139975,1,0,108865
34.91249115416032,97345.53649181762,34.055637905235514,57.662033993804286,1,0,44040
34.805434462262475,97303.29375430616,34.159058472756456,55.238840682781714,1,0,124826
35.02104507149493,97334.69686371775,33.951440795277115,59.61478349862269,1,0,128033
34.692043622225285,97303.10282270216,34.245794430978506,56.790491769905145,1,0,29049
34.43543760463169,97329.46553293195,33.53477886195091,55.047313244041646,1,0,67840
34.651079910816875,97358.92067233707,34.040385126639556,58.77936957684563,1,0,103872
34.47652920655807,97339.67971837154,33.54891578808097,59.41666637779766,1,0,108331
